t,h,error_ratio,accepted,newton_updates_completed_solves,failure
0.0,0.003,1824.4398413586885,False,3,
0.0,0.0006000000000000001,1176.6511083848884,False,3,
0.0,0.00012000000000000002,2392.7934781055387,False,3,
0.0,2.4000000000000004e-05,413.34989664026824,False,3,
0.0,4.8000000000000015e-06,19.035564068080525,False,3,
0.0,9.901497258616141e-07,0.8163230779885039,True,3,
9.901497258616141e-07,9.863075186472364e-07,0.8093057241251673,True,3,
1.9764572445088508e-06,9.867304878032614e-07,0.8090418742637764,True,3,
2.963187732312112e-06,9.873145936230804e-07,0.8087792954371421,True,3,
3.9505023259351925e-06,9.880593981788171e-07,0.8085170926305385,True,3,
4.93856172411401e-06,9.889650867275771e-07,0.8082553481342816,True,3,
5.9275268108415874e-06,9.900318719365475e-07,0.8079941436925668,True,3,
6.917558682778135e-06,9.912599939073362e-07,0.8077335602574853,True,3,
7.90881867668547e-06,9.926497202932722e-07,0.8074736778877104,True,3,
8.901468396978744e-06,9.942013464228138e-07,0.8072145756497152,True,3,
9.895669743401557e-06,9.959151954290447e-07,0.8069563315212965,True,3,
1.0891584938830602e-05,9.977916183855356e-07,0.8066990222985273,True,3,
1.1889376557216138e-05,9.998309944483076e-07,0.8064427235051448,True,3,
1.2889207551664445e-05,1.0020337310043827e-06,0.8061875093056126,True,3,
1.3891241282668827e-05,1.004400263826782e-06,0.8059334524222601,True,3,
1.4895641546495609e-05,1.0069310572356991e-06,0.8056806240542886,True,3,
1.5902572603731308e-05,1.0096266042670695e-06,0.8054290938034294,True,3,
1.6912199207998377e-05,1.0124874268468828e-06,0.8051789296006907,True,3,
1.792468663484526e-05,1.015514075973145e-06,0.8049301976386322,True,3,
1.8940200710818406e-05,1.0187071319047252e-06,0.8046829623092141,True,3,
1.995890784272313e-05,1.0220672043563433e-06,0.8044372861427251,True,3,
2.0980975047079473e-05,1.02559493270186e-06,0.8041932297534006,True,3,
2.2006569979781332e-05,1.0292909861845583e-06,0.8039508517902401,True,3,
2.3035860965965892e-05,1.0331560641340624e-06,0.8037102088891548,True,3,
2.4069017030099955e-05,1.0371908961920558e-06,0.8034713556330721,True,3,
2.510620792629201e-05,1.0413962425447542e-06,0.803234344514879,True,3,
2.6147604168836764e-05,1.0457728941633598e-06,0.8029992259041667,True,3,
2.7193377063000125e-05,1.0503216730531347e-06,0.8027660480200197,True,3,
2.824369873605326e-05,1.055043432510267e-06,0.802534856909096,True,3,
2.9298742168563527e-05,1.0599390573861434e-06,0.8023056964245336,True,3,
3.035868122594967e-05,1.0650094643615626e-06,0.8020786082107186,True,3,
3.142369069031123e-05,1.0702556022301126e-06,0.8018536316975735,True,3,
3.2493946292541344e-05,1.0756784521874093e-06,0.8016308040896022,True,3,
3.356962474472875e-05,1.0812790281326378e-06,0.8014101603660443,True,3,
3.465090377286139e-05,1.0870583769779651e-06,0.8011917332816284,True,3,
3.5737962149839354e-05,1.093017578968279e-06,0.8009755533761146,True,3,
3.6830979728807635e-05,1.099157748008127e-06,0.8007616489773605,True,3,
3.7930137476815763e-05,1.1054800320030138e-06,0.8005500462202181,True,3,
3.903561750881878e-05,1.1119856132069775e-06,0.8003407690607941,True,3,
4.014760312202576e-05,1.1186757085821632e-06,0.8001338392954056,True,3,
4.126627883060792e-05,1.1255515701697267e-06,0.7999292765846495,True,3,
4.239183040077765e-05,1.1326144854709563e-06,0.799727098480533,True,3,
4.352444488624861e-05,1.139865777838782e-06,0.7995273204507887,True,3,
4.466431066408739e-05,1.147306806883949e-06,0.7993299559157875,True,3,
4.581161747097134e-05,1.154938968889097e-06,0.7991350162795738,True,3,
4.696655643986043e-05,1.1627636972369317e-06,0.7989425109613402,True,3,
4.8129320137097366e-05,1.1707824628542514e-06,0.7987524474446418,True,3,
4.930010259995162e-05,1.1789967746608056e-06,0.7985648313068717,True,3,
5.047909937461242e-05,1.1874081800390394e-06,0.7983796662635897,True,3,
5.166650755465146e-05,1.1960182653156823e-06,0.798196954218691,True,3,
5.286252581996715e-05,1.2048286562522683e-06,0.7980166953005559,True,3,
5.406735447621942e-05,1.2138410185564594e-06,0.7978388879102581,True,3,
5.528119549477587e-05,1.223057058406656e-06,0.7976635287724344,True,3,
5.650425255318253e-05,1.232478522989033e-06,0.7974906129805865,True,3,
5.773673107617156e-05,1.2421072010523628e-06,0.7973201340491405,True,3,
5.8978838277223925e-05,1.2519449234765154e-06,0.7971520839538961,True,3,
6.023078320070044e-05,1.2619935638646732e-06,0.7969864531950059,True,3,
6.149277676456512e-05,1.272255039142586e-06,0.7968232308387085,True,3,
6.27650318037077e-05,1.2827313101821744e-06,0.7966624045696301,True,3,
6.404776311388987e-05,1.293424382442027e-06,0.7965039607430453,True,3,
6.53411874963319e-05,1.3043363066253792e-06,0.7963478844365963,True,3,
6.664552380295729e-05,1.3154691793565035e-06,0.7961941594974692,True,3,
6.79609929823138e-05,1.3268251438797312e-06,0.7960427685934355,True,3,
6.928781812619353e-05,1.338406390778427e-06,0.7958936932702496,True,3,
7.062622451697196e-05,1.3502151587088464e-06,0.7957469139839035,True,3,
7.197643967568081e-05,1.3622537351702793e-06,0.7956024101716488,True,3,
7.333869341085109e-05,1.3745244572791433e-06,0.7954601602837953,True,3,
7.471321786813024e-05,1.3870297125802006e-06,0.7953201418385709,True,3,
7.610024758071044e-05,1.399771939875638e-06,0.7951823314672828,True,3,
7.750001952058608e-05,1.4127536300803074e-06,0.7950467049616625,True,3,
7.891277315066638e-05,1.4259773271013098e-06,0.7949132373168224,True,3,
8.033875047776769e-05,1.4394456287458295e-06,0.7947819027746704,True,3,
8.177819610651352e-05,1.4531611876569162e-06,0.7946526748742472,True,3,
8.323135729417044e-05,1.467126712270834e-06,0.7945255264851233,True,3,
8.469848400644127e-05,1.4813449678112692e-06,0.7944004298474157,True,3,
8.617982897425254e-05,1.4958187773146407e-06,0.7942773566271305,True,3,
8.767564775156718e-05,1.510551022671941e-06,0.7941562779328487,True,3,
8.918619877423912e-05,1.5255446457231467e-06,0.7940371643675015,True,3,
9.071174341996226e-05,1.5408026493715386e-06,0.7939199860618565,True,3,
9.22525460693338e-05,1.5563280987348484e-06,0.7938047127072535,True,3,
9.380887416806865e-05,1.5721241223341151e-06,0.7936913135900173,True,3,
9.538099829040277e-05,1.5881939133187082e-06,0.793579757624039,True,3,
9.696919220372148e-05,1.6045407307293333e-06,0.7934700133816753,True,3,
9.857373293445082e-05,1.6211679008007624e-06,0.7933620491229353,True,3,
0.00010019490083525158,1.6380788183061606e-06,0.7932558328291334,True,3,
0.00010183297965355774,1.655276947938515e-06,0.7931513322167175,True,3,
0.00010348825660149625,1.6727658257498513e-06,0.7930485147772126,True,3,
0.0001051610224272461,1.6905490606216742e-06,0.7929473477975165,True,3,
0.00010685157148786777,1.7086303357869866e-06,0.7928477983744175,True,3,
0.00010856020182365476,1.7270134104108803e-06,0.7927498334516356,True,3,
0.00011028721523406563,1.745702121206039e-06,0.7926534198287334,True,3,
0.00011203291735527168,1.7647003841137463e-06,0.7925585241849652,True,3,
0.00011379761773938542,1.7840121960351586e-06,0.7924651130916094,True,3,
0.00011558162993542058,1.803641636626265e-06,0.7923731530399626,True,3,
0.00011738527157204683,1.823592870139812e-06,0.7922826104517927,True,3,
0.00011920886444218664,1.8438701473345154e-06,0.7921934516836083,True,3,
0.00012105273458952116,1.864477807460286e-06,0.7921056430559511,True,3,
0.00012291721239698146,1.885420280291753e-06,0.7920191508551,True,3,
0.0001248026326772732,1.9067020882430462e-06,0.7919339413472861,True,3,
0.00012670933476551625,1.928327848550953e-06,0.7918499807887234,True,3,
0.0001286376626140672,1.9503022755327885e-06,0.7917672354290246,True,3,
0.00013058796488959998,1.972630182928851e-06,0.7916856715297754,True,3,
0.00013256059507252884,1.99531648631269e-06,0.7916052553544909,True,3,
0.00013455591155884153,2.018366205606519e-06,0.7915259531892479,True,3,
0.00013657427776444804,2.041784467666027e-06,0.7914477313401679,True,3,
0.00013861606223211406,2.065576508965541e-06,0.791370556131664,True,3,
0.00014068163874107962,2.089747678385729e-06,0.7912943939196557,True,3,
0.00014277138641946533,2.1143034400870983e-06,0.7912192110784213,True,3,
0.00014488568985955244,2.1392493765066275e-06,0.7911449740214449,True,3,
0.00014702493923605907,2.1645911914357475e-06,0.791071649161318,True,3,
0.00014918953042749483,2.1903347132650604e-06,0.7909992029684864,True,3,
0.00015137986514075988,2.2164858982654146e-06,0.7909276019020862,True,3,
0.0001535963510390253,2.243050834083536e-06,0.7908568124544414,True,3,
0.00015583940187310883,2.2700357433009936e-06,0.7907868011190007,True,3,
0.00015810943761640983,2.2974469871663963e-06,0.7907175344004375,True,3,
0.00016040688460357622,2.325291069446821e-06,0.7906489787942342,True,3,
0.00016273217567302304,2.3535746404469595e-06,0.790581100789054,True,3,
0.00016508575031347,2.3823045011687296e-06,0.7905138668516966,True,3,
0.00016746805481463874,2.411487607642339e-06,0.7904472434214108,True,3,
0.0001698795424222811,2.4411310754212616e-06,0.7903811968941127,True,3,
0.00017232067349770235,2.471242184262849e-06,0.79031569361121,True,3,
0.00017479191568196522,2.501828382994872e-06,0.7902506998569895,True,3,
0.0001772937440649601,2.5328972945615435e-06,0.7901861818245339,True,3,
0.00017982664135952163,2.5644567213064843e-06,0.7901221056210332,True,3,
0.0001823910980808281,2.596514650439056e-06,0.79005843723839,True,3,
0.00018498761273126716,2.62907925974779e-06,0.789995142543374,True,3,
0.00018761669199101493,2.662158923539286e-06,0.7899321872566893,True,3,
0.00019027885091455423,2.6957622188304477e-06,0.7898695369314175,True,3,
0.00019297461313338467,2.729897931806148e-06,0.7898071569362319,True,3,
0.0001957045110651908,2.7645750645456115e-06,0.7897450124352878,True,3,
0.00019846908612973643,2.799802842034829e-06,0.7896830683585926,True,3,
0.00020126888897177125,2.835590719494596e-06,0.789621289390215,True,3,
0.00020410447969126583,2.8719483900063396e-06,0.789559639919206,True,3,
0.00020697642808127216,2.9088857925168255e-06,0.7894980840479614,True,3,
0.00020988531387378898,2.9464131201337457e-06,0.7894365855305118,True,3,
0.0002128317269939227,2.984540828855065e-06,0.7893751077644724,True,3,
0.00021581626782277778,3.0232796466523013e-06,0.7893136137536925,True,3,
0.00021883954746943008,3.0626405829793113e-06,0.7892520660681156,True,3,
0.0002219021880524094,3.1026349387326874e-06,0.7891904268251797,True,3,
0.0002250048229911421,3.143274316643034e-06,0.7891286576374754,True,3,
0.00022814809730778513,3.1845706321845314e-06,0.7890667195878786,True,3,
0.00023133266793996966,3.2265361249731885e-06,0.7890045731800556,True,3,
0.00023455920406494286,3.2691833707275424e-06,0.7889421783093943,True,3,
0.0002378283874356704,3.3125252937775417e-06,0.788879494195138,True,3,
0.00024114091272944794,3.35657518023026e-06,0.7888164793644022,True,3,
0.0002444974879096782,3.401346691715753e-06,0.7887530915810255,True,3,
0.00024789883460139394,3.4468538798601286e-06,0.7886892878083601,True,3,
0.0002513456884812541,3.493111201449918e-06,0.7886250241400172,True,3,
0.000254838799682704,3.540133534393908e-06,0.7885602557564081,True,3,
0.0002583789332170979,3.5879361944666523e-06,0.7884949368632523,True,3,
0.0002619668694115646,3.6365349529148544e-06,0.7884290206256099,True,3,
0.00026560340436447945,3.685946054982828e-06,0.7883624590957666,True,3,
0.0002692893504194623,3.7361862394208175e-06,0.788295203152944,True,3,
0.0002730255366588831,3.7872727590011284e-06,0.7882272024219878,True,3,
0.00027681280941788426,3.839223402146859e-06,0.7881584051988585,True,3,
0.00028065203282003114,3.892056515717958e-06,0.7880887583731728,True,3,
0.0002845440893357491,3.9457910290253804e-06,0.7880182073205628,True,3,
0.00028848988036477447,4.000446479217659e-06,0.7879466958222329,True,3,
0.00029249032684399215,4.0560430380489994e-06,0.7878741659806695,True,3,
0.00029654636988204114,4.11260154011577e-06,0.787800558088055,True,3,
0.0003006589714221569,4.170143512768899e-06,0.7877258105316627,True,3,
0.0003048291149349258,4.228691207702423e-06,0.7876498596689855,True,3,
0.0003090578061426282,4.288267634396265e-06,0.7875726397056908,True,3,
0.00031334607377702447,4.3488965955150185e-06,0.7874940825666142,True,3,
0.00031769497037253947,4.410602724397761e-06,0.7874141177299894,True,3,
0.00032210557309693725,4.473411524867849e-06,0.7873326721217343,True,3,
0.0003265789846218051,4.537349413332419e-06,0.7872496698961919,True,3,
0.0003311163340351375,4.6024437636377944e-06,0.7871650323112493,True,3,
0.0003357187777987753,4.668722954577237e-06,0.7870786775205603,True,3,
0.0003403875007533525,4.73621642045975e-06,0.7869905203747002,True,3,
0.0003451237171738123,4.8049547049075735e-06,0.7869004722192479,True,3,
0.00034992867187871987,4.874969518096849e-06,0.7868084406727404,True,3,
0.00035480364139681673,4.946293797724183e-06,0.7867143293557578,True,3,
0.0003597499351945409,5.018961774095626e-06,0.7866180376692802,True,3,
0.00036476889696863653,5.09300903945169e-06,0.7865194604830913,True,3,
0.00036986190600808824,5.168472622099133e-06,0.7864184878476073,True,3,
0.00037503037863018736,5.245391065596499e-06,0.7863150046696026,True,3,
0.00038027576969578385,5.32380451345536e-06,0.7862088903592915,True,3,
0.0003855995742092392,5.4037547998323495e-06,0.7861000184508962,True,3,
0.00039100332900907157,5.485285546718664e-06,0.7859882561964555,True,3,
0.0003964886145557902,5.5684422681759e-06,0.7858734641283948,True,3,
0.00040205705682396615,5.653272482228274e-06,0.7857554955716008,True,3,
0.00040771032930619444,5.739825831142521e-06,0.7856341961372202,True,3,
0.00041345015513733694,5.8281542107713625e-06,0.7855094031538737,True,3,
0.0004192783093481083,5.9183119098583845e-06,0.7853809450516706,True,3,
0.0004251966212579667,6.010355760224094e-06,0.7852486407116582,True,3,
0.0004312069770181908,6.104345298784744e-06,0.7851122987344968,True,3,
0.00043731132231697553,6.200342942620132e-06,0.7849717166466951,True,3,
0.0004435116652595957,6.29841417834625e-06,0.7848266800319027,True,3,
0.00044981007943794193,6.398627767214244e-06,0.7846769616223861,True,3,
0.0004562087072051562,6.501055967344071e-06,0.7845223202139797,True,3,
0.00046270976317250024,6.605774775203268e-06,0.7843624995780802,True,3,
0.0004693155379477035,6.712864187913126e-06,0.7841972271901952,True,3,
0.00047602840213561667,6.822408488888265e-06,0.7840262128630463,True,3,
0.0004828508106245049,6.934496559183555e-06,0.7838491472488516,True,3,
0.0004897853071836885,7.049222217313603e-06,0.7836657001562426,True,3,
0.0004968345294010021,7.166684590837966e-06,0.7834755187156411,True,3,
0.0005040012139918401,7.286988523190634e-06,0.783278225337814,True,3,
0.0005112882025150307,7.410245019852998e-06,0.7830734154393029,True,3,
0.0005186984475348838,7.5365717385319695e-06,0.7828606549225191,True,3,
0.0005262350192734158,7.666093528568161e-06,0.782639477377144,True,3,
0.0005339011128019839,7.798943025536143e-06,0.7824093809335181,True,3,
0.0005417000558275201,7.93526130801283e-06,0.7821698247530615,True,3,
0.0005496353171355329,8.07519862436066e-06,0.7819202251065918,True,3,
0.0005577105157598936,8.21891519853346e-06,0.7816599509306655,True,3,
0.000565929430958427,8.366582125555851e-06,0.7813883188660433,True,3,
0.0005742960130839829,8.51838236858278e-06,0.7811045876314198,True,3,
0.0005828143954525656,8.674511871704554e-06,0.7808079516270711,True,3,
0.0005914889073242702,8.835180805019796e-06,0.7804975337442177,True,3,
0.0006003240881292901,9.00061496073302e-06,0.7801723770841961,True,3,
0.0006093247030900231,9.171057323184466e-06,0.7798314356034286,True,3,
0.0006184957604132076,9.346769838655973e-06,0.7794735633088015,True,3,
0.0006278425302518636,9.528035416556016e-06,0.7790975018958584,True,3,
0.0006373705656684196,9.715160198616443e-06,0.7787018664830961,True,3,
0.000647085725867036,9.908476140084541e-06,0.7782851291090356,True,3,
0.0006569942020071206,1.0108343955389019e-05,0.7778455995378969,True,3,
0.0006671025459625096,1.0315156491500516e-05,0.7773814029527529,True,3,
0.0006774177024540101,1.0529342604604677e-05,0.7768904537339797,True,3,
0.0006879470450586148,1.0751371632949655e-05,0.7763704247492863,True,3,
0.0006986984166915645,1.0981758577544518e-05,0.7758187109702771,True,3,
0.000709680175269109,1.122107012915271e-05,0.7752323863645261,True,3,
0.0007209012453982617,1.1469931711015494e-05,0.7746081524243864,True,3,
0.0007323711771092772,1.1729035748359187e-05,0.7739422764434315,True,3,
0.0007441002128576364,1.1999151427872542e-05,0.7732305170138558,True,3,
0.000756099364285509,1.2281136278599665e-05,0.7724680336241934,True,3,
0.0007683805005641086,1.2575949993751844e-05,0.7716492761077578,True,3,
0.0007809564505578605,1.2884671030379275e-05,0.7707678486324124,True,3,
0.0007938411215882398,1.3208516677919012e-05,0.7698163409909081,True,3,
0.0008070496382661588,1.3548867495194299e-05,0.7687861176375643,True,3,
0.0008205985057613531,1.3907297297624147e-05,0.7676670515967997,True,3,
0.0008345058030589773,1.4285610263670923e-05,0.7664471855316517,True,3,
0.0008487914133226482,1.4685887269317443e-05,0.7651122956350929,True,3,
0.0008634773005919657,1.5110544319106728e-05,0.763645324045984,True,3,
0.0008785878449110724,1.556240703135499e-05,0.7620256309554212,True,3,
0.0008941502519424274,1.6044806720157474e-05,0.7602279957638907,True,3,
0.0009101950586625849,1.6561705964868764e-05,0.7582212628754739,True,3,
0.0009267567646274537,1.7117865109647502e-05,0.7559664750025666,True,3,
0.0009438746297371013,1.771906662489355e-05,0.7846748479176152,True,3,
0.0009615936963619948,1.8002734829613114e-05,0.8057821270914266,True,3,
0.000979596431191608,1.8049791059763158e-05,0.8057448531723287,True,3,
0.000997646222251371,1.8097388867173115e-05,0.8057688404196947,True,3,
0.0010157436111185442,1.8144842104865343e-05,0.8057893429313039,True,3,
0.0010338884532234095,1.8192188324365083e-05,0.8058066456267854,True,3,
0.0010520806415477745,1.823946225994003e-05,0.8058208370790053,True,3,
0.0010703201038077144,1.8286698013572006e-05,0.8058319956250475,True,3,
0.0010886068018212864,1.833392915782933e-05,0.8058401894242034,True,3,
0.0011069407309791158,1.838118884049874e-05,0.805845476988865,True,3,
0.0011253219198196147,1.842850988551953e-05,0.8058479076199696,True,3,
0.0011437504297051341,1.8475924891178335e-05,0.8058475217742925,True,3,
0.0011622263545963125,1.8523466326241838e-05,0.80584435138429,True,3,
0.0011807498209225544,1.857116662449148e-05,0.8058384201170866,True,3,
0.001199320987547046,1.8619058278299256e-05,0.8058297435694511,True,3,
0.001217940045825345,1.8667173931943246e-05,0.805818329439062,True,3,
0.0012366072197572883,1.8715546474917004e-05,0.805804177604855,True,3,
0.0012553227662322054,1.8764209136283736e-05,0.8057872801959128,True,3,
0.0012740869753684891,1.881319558022893e-05,0.8057676215870393,True,3,
0.0012929001709487181,1.886254000370098e-05,0.8057451783864618,True,3,
0.001311762710952419,1.891227723628857e-05,0.805719919295504,True,3,
0.0013306749881887077,1.8962442843909593e-05,0.8056918050221814,True,3,
0.0013496374310326173,1.901307323578239e-05,0.8056607880732513,True,3,
0.0013686505042683997,1.906420577622473e-05,0.8056268124930486,True,3,
0.0013877147100446244,1.9115878902059163e-05,0.8055898136072177,True,3,
0.0014068305889466835,1.9168132245741196e-05,0.8055497176522172,True,3,
0.0014259987211924247,1.9221006765762952e-05,0.8055064413475983,True,3,
0.0014452197279581876,1.9274544885252223e-05,0.8054598914474006,True,3,
0.00146449427284344,1.9328790639287603e-05,0.8054099641583671,True,3,
0.0014838230634827275,1.938378983283178e-05,0.8053565445246812,True,3,
0.0015032068533155593,1.9439590210046423e-05,0.8052995057202433,True,3,
0.0015226464435256057,1.949624163650767e-05,0.80523870822997,True,3,
0.0015421426851621133,1.9553796296129123e-05,0.8051739989280274,True,3,
0.0015616964814582424,1.9612308904577635e-05,0.8051052100739561,True,3,
0.0015813087903628201,1.967183694079082e-05,0.8049968690793065,True,3,
0.0016009806273036109,1.973287340517654e-05,0.8046928364403788,True,3,
0.0016207135007087873,1.9797838243759114e-05,0.8046077743373836,True,3,
0.0016405113389525465,1.98640668790847e-05,0.804518268762958,True,3,
0.001660375405831631,1.993162570578439e-05,0.8044233120690545,True,3,
0.0016803070315374155,2.000059466641404e-05,0.8043226012848409,True,3,
0.0017003076262038295,2.007105872879919e-05,0.8042158079461537,True,3,
0.0017203786849326287,2.0143108330555803e-05,0.8041025725500882,True,3,
0.0017405217932631844,2.0216839909030466e-05,0.8039825013313481,True,3,
0.001760738633172215,2.0292356490630982e-05,0.8038551625931439,True,3,
0.0017810309896628459,2.0369768348008235e-05,0.8037200825300133,True,3,
0.001801400758010854,2.04491937348519e-05,0.8035767404628055,True,3,
0.0018218499517457059,2.053075970968227e-05,0.8034245634578575,True,3,
0.001842380711455388,2.0614603061099887e-05,0.8032629200396256,True,3,
0.001862995314516488,2.0700871351538298e-05,0.8030911130958469,True,3,
0.0018836961858680263,2.0789724096379574e-05,0.8029083716466232,True,3,
0.001904485909964406,2.0881334100781602e-05,0.8027138413076201,True,3,
0.0019253672440651876,2.097588898035472e-05,0.802506573301637,True,3,
0.0019463431330455424,2.1073592895648314e-05,0.8022855116351475,True,3,
0.001967416725941191,2.1174668537770733e-05,0.8020494781261172,True,3,
0.0019885913944789617,2.1279359409534412e-05,0.8017971548721773,True,3,
0.0020098707538884963,2.138793245559509e-05,0.8015270636361054,True,3,
0.0020312586863440916,2.150068110656118e-05,0.8012375414433958,True,3,
0.0020527593674506527,2.161792881721655e-05,0.800926711648973,True,3,
0.0020743772962678693,2.174003319628091e-05,0.800592449410352,True,3,
0.00209611732946415,2.1867390848776364e-05,0.8002323402982694,True,3,
0.0021179847203129263,2.200044308127208e-05,0.7998436303918028,True,3,
0.0021399851633941984,2.213968265835925e-05,0.7994231657702895,True,3,
0.0021621248460525575,2.2285661847649315e-05,0.7989673187081916,True,3,
0.002184410507900207,2.243900205450741e-05,0.7984718970326237,True,3,
0.0022068495099547146,2.260040543245195e-05,0.7979320319986769,True,3,
0.0022294499153871668,2.277066896782939e-05,0.7973420386200891,True,3,
0.0022522205843549963,2.2950701687464296e-05,0.7966952401745493,True,3,
0.0022751712860424604,2.314154584419586e-05,0.7959837458103333,True,3,
0.002298312831886656,2.3344403216725903e-05,0.7951981660241803,True,3,
0.002321657235103382,2.3560668052935502e-05,0.7943272449230656,True,3,
0.0023452179031563177,2.3791968739391757e-05,0.7933573795196358,True,3,
0.0023690098718957093,2.4040221073869067e-05,0.7922719837738458,True,3,
0.0023930500929695785,2.4307697170650064e-05,0.7910506357218648,True,3,
0.0024173577901402286,2.4597115740617464e-05,0.7896679169032701,True,3,
0.002441954905880846,2.4911762069662192e-05,0.7880918068628749,True,3,
0.002466866667950508,2.525565000906504e-05,0.7862814215852152,True,3,
0.002492122317959573,2.563374459467908e-05,0.7841837619215972,True,3,
0.002517756062554252,2.6052274155075212e-05,0.7817289300450353,True,3,
0.0025438083367093274,2.6519177910846172e-05,0.7788229053952812,True,3,
0.0025703275146201736,2.7044764774640528e-05,0.7753363023466548,True,3,
0.0025973722793948143,2.7642712606456293e-05,0.8085278622539003,True,3,
0.0026250149920012704,2.7667866578196833e-05,0.8095706951421366,True,3,
0.002652682858579467,2.7675201561624886e-05,0.8091705638840887,True,3,
0.002680358060141092,2.7689382089995364e-05,0.8087817174624825,True,3,
0.0027080474422310876,2.771022875119182e-05,0.8083988711463493,True,3,
0.0027357576709822794,2.773765685708951e-05,0.8080205831575864,True,3,
0.002763495327839369,2.7771610695921478e-05,0.8076454652242124,True,3,
0.0027912669385352904,2.7812062625572145e-05,0.8072721753031519,True,3,
0.0028190790011608626,2.7859012373304284e-05,0.8068994032824979,True,3,
0.0028469380135341667,2.791248666040461e-05,0.8065258573778147,True,3,
0.002874850500194571,2.7972539140660396e-05,0.8061502510585035,True,3,
0.0029028230393352314,2.803925064665626e-05,0.8057712901177527,True,3,
0.0029308622899818877,2.8112729746839845e-05,0.8053876596673896,True,3,
0.0029589750197287277,2.8193113622525874e-05,0.8049980108008777,True,3,
0.0029871681333512538,2.8280569281131055e-05,0.8046009466007435,True,3,
0.003015448702632385,2.8375295130595562e-05,0.8041950072502707,True,3,
0.0030438239977629805,2.847752294765644e-05,0.8037786538515058,True,3,
0.003072301520710637,2.8587520283777086e-05,0.8033502506187649,True,3,
0.003100889040994414,2.870559336337508e-05,0.8029080450018815,True,3,
0.003129594634357789,2.8832090542967778e-05,0.8024078489848907,True,3,
0.003158426724900757,2.8968169866300372e-05,0.9613044727593344,True,3,
0.003187394894767057,2.6590903038626032e-05,0.9731491622676849,True,3,
0.003213985797805683,2.4259725879621807e-05,0.9510917396910682,True,3,
0.0032382455236853046,2.2388097718462645e-05,0.9364240235966643,True,3,
0.003260633621403767,2.0822047355322173e-05,0.9254618484012627,True,3,
0.0032814556687590893,1.9479898036572468e-05,0.9170739504960114,True,3,
0.0033009355667956617,1.8307414309100705e-05,0.91053046335054,True,3,
0.0033192429811047626,1.726721431041751e-05,0.9053571602496214,True,3,
0.00333651019541518,1.6332580911193168e-05,0.9012340901568983,True,3,
0.0033528427763263734,1.548383455679931e-05,0.8979387613314324,True,3,
0.0033683266108831727,1.4706105327675417e-05,0.8953126263164463,True,3,
0.0033830327162108482,1.3987909923030032e-05,0.8932405327065144,True,3,
0.0033970206261338784,1.3320211646377212e-05,0.891637697969985,True,3,
0.0034103408377802557,1.2695781046985122e-05,0.8904412191913256,True,3,
0.0034230366188272407,1.2108749799387856e-05,0.8896044114696052,True,3,
0.0034351453686266285,1.1554292325155046e-05,0.8890929686009791,True,3,
0.0034466996609517834,1.1028393984109482e-05,0.8888823353135676,True,3,
0.003457728054935893,1.0527679241039144e-05,0.8889559120655105,True,3,
0.003468255734176932,1.0049282208826274e-05,0.889303854209385,True,3,
0.0034783050163857583,9.590747662631144e-06,0.8899223156897399,True,3,
0.0034878957640483896,9.149954310047802e-06,0.8908130459287964,True,3,
0.0034970457183584372,8.725054543224995e-06,0.8919832895773597,True,3,
0.0035057707729016624,8.31442654467213e-06,0.8934459707883481,True,3,
0.0035140851994463346,7.91663574522457e-06,0.8952201715654688,True,3,
0.003522001835191559,7.530403416058707e-06,0.8973319430073751,True,3,
0.0035295322386076178,7.154580724723101e-06,0.8998155225697162,True,3,
0.003536686819332341,6.7881269716528515e-06,0.9027150765601916,True,3,
0.003543474946303994,6.430090992830027e-06,0.906087153266144,True,3,
0.003549905037296824,6.079594895574433e-06,0.9100041323461516,True,3,
0.0035559846321923986,5.7358194049212795e-06,0.9145591146184109,True,3,
0.00356172045159732,5.397990142930475e-06,0.9198729550544401,True,3,
0.0035671184417402505,5.065364138874147e-06,0.9261045792985999,True,3,
0.0035721838058791248,4.737215755052183e-06,0.9334664907463194,True,3,
0.003576921021634177,4.412820969249505e-06,0.9422487742799733,True,3,
0.0035813338426034266,4.091438495876166e-06,0.9528575749095336,True,3,
0.003585425281099303,3.77228538569142e-06,0.9658794140606904,True,3,
0.0035891975664849945,3.4545031700334332e-06,0.9821942633523361,True,3,
0.003592652069655028,3.137107553059111e-06,1.003187071738949,False,3,
0.003592652069655028,1.5685537765295554e-06,0.24969999407768084,True,3,
0.003594220623431557,2.82509239549476e-06,0.9111701112272361,True,3,
0.003597045715827052,2.663639416217878e-06,1.0329599893931871,False,3,
0.003597045715827052,1.331819708108939e-06,0.25728903789925384,True,3,
0.0035983775355351607,2.363073909417459e-06,0.9327948204615673,True,3,
0.0036007406094445784,2.202047849070572e-06,0.7012630205337648,True,3,
0.003602942657293649,2.3666214263873684e-06,0.6643987297354199,True,3,
0.0036053092787200363,2.613105264108359e-06,0.6769003700252119,True,3,
0.0036079223839841448,2.8584923779041878e-06,0.6875849255015744,True,3,
0.003610780876362049,3.102532750258903e-06,0.6968665603807929,True,3,
0.003613883409112308,3.344907185650073e-06,0.7050063558163413,True,3,
0.003617228316297958,3.585337675329415e-06,0.7122046675338278,True,3,
0.0036208136539732875,3.823579869388948e-06,0.7186175556326966,True,3,
0.0036246372338426766,4.059417919854158e-06,0.7243682633276082,True,3,
0.003628696651762531,4.292660743609577e-06,0.7295553389233183,True,3,
0.0036329893125061404,4.523139229500517e-06,0.7342584827470731,True,3,
0.003637512451735641,4.75070408239502e-06,0.7385428233576166,True,3,
0.003642263155818036,4.9752241016359035e-06,0.7424620903318964,True,3,
0.0036472383799196722,5.196584758969499e-06,0.7460609998105947,True,3,
0.0036524349646786416,5.41468698442321e-06,0.7493770699433312,True,3,
0.003657849651663065,5.629446098217144e-06,0.7524420179949791,True,3,
0.003663479097761282,5.840790846489146e-06,0.7552828466308948,True,3,
0.003669319888607771,6.0486625121377095e-06,0.757922696605581,True,3,
0.003675368551119909,6.2530140814024e-06,0.7603815219038492,True,3,
0.0036816215652013115,6.453809453738244e-06,0.7626766288032594,True,3,
0.00368807537465505,6.651022686492981e-06,0.7648231094701426,True,3,
0.003694726397341543,6.844637269514621e-06,0.7668341932401891,True,3,
0.003701571034611058,7.034645426764399e-06,0.7687215331028446,True,3,
0.0037086056800378223,7.221047443462218e-06,0.7704954407788458,True,3,
0.0037158267274812846,7.403851018335373e-06,0.7721650807825697,True,3,
0.00372323057849962,7.583070640937644e-06,0.7737386315032193,True,3,
0.0037308136491405576,7.758726994397495e-06,0.7752234195651004,True,3,
0.003738572376134955,7.930846384342765e-06,0.7766260325813498,True,3,
0.0037465032225192977,8.099460194090895e-06,0.777952414084504,True,3,
0.0037546026827133885,8.264604366953665e-06,0.7792079439361363,True,3,
0.003762867287080342,8.42631891567097e-06,0.7803975066767773,True,3,
0.003771293605996013,8.584647459208568e-06,0.7815255498835114,True,3,
0.0037798782534552216,8.739636786905548e-06,0.7825961342159818,True,3,
0.003788617890242127,8.891336449698219e-06,0.7836129764923919,True,3,
0.0037975092266918256,9.039798378070336e-06,0.7845794869162326,True,3,
0.003806549025069896,9.185076526187686e-06,0.7854988013560467,True,3,
0.003815734101596084,9.327226541620882e-06,0.786373809470489,True,3,
0.0038250613281377048,9.466305459739907e-06,0.7872071792794887,True,3,
0.003834527633597445,9.602371421917435e-06,0.7880013786743281,True,3,
0.0038441300050193624,9.735483416789069e-06,0.7887586943850071,True,3,
0.0038538654884361515,9.86570104327133e-06,0.7894812487207786,True,3,
0.0038637311894794226,9.993084294285203e-06,0.7901710143277969,True,3,
0.003873724273773708,1.0117693360520193e-05,0.7908298274112467,True,3,
0.003883841967134228,1.0239588452388339e-05,0.7914593994110393,True,3,
0.0038940815555866164,1.0358829639758866e-05,0.7920613274791695,True,3,
0.0039044403852263754,1.0475476708073295e-05,0.792637103900738,True,3,
0.003914915861934449,1.058958902954573e-05,0.7931881244781052,True,3,
0.003925505450963995,1.0701225448948602e-05,0.7937156961751206,True,3,
0.003936206676412943,1.0810444182332876e-05,0.7942210439483846,True,3,
0.0039470171205952765,1.0917302728208054e-05,0.7947053169680056,True,3,
0.0039579344233234845,1.1021857789982235e-05,0.795169594280806,True,3,
0.003968956281113467,1.1124165208636367e-05,0.7956148899017306,True,3,
0.003980080446322103,1.1224279905199724e-05,0.7960421575118531,True,3,
0.0039913047262273025,1.13222558317993e-05,0.7964522947295568,True,3,
0.004002626982059102,1.141814593066286e-05,0.7968461470057022,True,3,
0.0040140451279897646,1.1512002100453113e-05,0.7972245112096624,True,3,
0.004025557130090218,1.16038751691471e-05,0.7975881389224212,True,3,
0.004037161005259365,1.1693814872833897e-05,0.7979377394603387,True,3,
0.004048854820132199,1.1781869839886302e-05,0.7982739826599284,True,3,
0.004060636689972086,1.1868087579970298e-05,0.7985975014519708,True,3,
0.004072504777552056,1.1952514477353293e-05,0.7989088942359508,True,3,
0.004084457292029409,1.203519578807624e-05,0.7992087270906163,True,3,
0.004096492487817485,1.2116175640456413e-05,0.7994975357775459,True,3,
0.004108608663457942,1.2195497038866348e-05,0.7997758276851132,True,3,
0.004120804160496808,1.2273201869761913e-05,0.8000440835167015,True,3,
0.00413307736236657,1.2349330910541871e-05,0.8003027589865895,True,3,
0.004145426693277112,1.2423923839937989e-05,0.8005522862884558,True,3,
0.0041578506171170496,1.249701925052869e-05,0.8007930755189838,True,3,
0.004170347636367578,1.2568654662675203e-05,0.801025516027886,True,3,
0.004182916291030253,1.2638866539473313e-05,0.80124997760754,True,3,
0.0041955551575697265,1.2707690303076677e-05,0.8014668116533715,True,3,
0.004208262847872803,1.2775160351800904e-05,0.8016763522455447,True,3,
0.004221038008224604,1.2841310077864435e-05,0.8018789171599354,True,3,
0.004233879318302469,1.2906171885622073e-05,0.8020748087786215,True,3,
0.004246785490188091,1.296977721044549e-05,0.8022643150072313,True,3,
0.004259755267398536,1.3032156537596756e-05,0.802447710073263,True,3,
0.004272787423936133,1.3093339421496399e-05,0.8026252553221656,True,3,
0.0042858807633576294,1.3153354504893847e-05,0.802797199933131,True,3,
0.004299034117862523,1.3212229538116953e-05,0.802963781610123,True,3,
0.00431224634740064,1.3269991398165411e-05,0.8031252272182466,True,3,
0.004325516338798806,1.3326666107690013e-05,0.8032817534009665,True,3,
0.0043388430049064956,1.3382278853639425e-05,0.8034335671472664,True,3,
0.004352225283760135,1.3436854005638843e-05,0.803580866321881,True,3,
0.004365662137765774,1.3490415134085514e-05,0.8037238401830148,True,3,
0.0043791525528998594,1.3542985027766246e-05,0.8038626698603533,True,3,
0.0043926955379276255,1.3594585711050213e-05,0.8039975288071607,True,3,
0.004406290123638676,1.3645238460617333e-05,0.804128583221431,True,3,
0.004419935362099293,1.369496382174466e-05,0.8042559924684304,True,3,
0.004433630325921038,1.3743781623916312e-05,0.804379909449761,True,3,
0.004447374107544954,1.379171099600375e-05,0.8045004809797411,True,3,
0.004461165818540958,1.3838770380763175e-05,0.8046178481219406,True,3,
0.004475004588921721,1.3884977548811585e-05,0.8047321465278423,True,3,
0.004488889566470532,1.3930349611897677e-05,0.8048435067456722,True,3,
0.0045028199160824295,1.3974903035569077e-05,0.8049520545189365,True,3,
0.0045167948191179984,1.4018653651181444e-05,0.8050579110776463,True,3,
0.0045308134727691796,1.4061616667178306e-05,0.8051611934151843,True,3,
0.004544875089436358,1.4103806679640533e-05,0.8052620145270565,True,3,
0.004558978896115998,1.4145237682322216e-05,0.805360483700931,True,3,
0.00457312413379832,1.4185923075615758e-05,0.8054567067134019,True,3,
0.004587310056873936,1.4225875675161143e-05,0.8055507861143133,True,3,
0.004601535932549097,1.4265107719236225e-05,0.8056428213999229,True,3,
0.004615801040268334,1.4303630875817331e-05,0.8057329092727665,True,3,
0.004630104671144151,1.4341456248463725e-05,0.8058211438336924,True,3,
0.004644446127392615,1.4378594381546621e-05,0.8059076167981599,True,3,
0.004658824721774161,1.4415055264536067e-05,0.8059924176848405,True,3,
0.004673239777038697,1.445084833552441e-05,0.8060756340329254,True,3,
0.004687690625374222,1.4485982483666628e-05,0.8061573515825394,True,3,
0.004702176607857888,1.4520466050807225e-05,0.8062376544799831,True,3,
0.004716697073908695,1.45543068320158e-05,0.8063166254615718,True,3,
0.00473125138074071,1.4587512075170737e-05,0.8063552133611329,True,3,
0.004745838892815881,1.4620443234023303e-05,0.806208847284195,True,3,
0.004760459336049904,1.46547788307178e-05,0.8062822248814558,True,3,
0.004775114114880622,1.4688526635890627e-05,0.806354992157213,True,3,
0.004789802641516513,1.4721687853346136e-05,0.8064267047428256,True,3,
0.004804524329369859,1.475426787109751e-05,0.8064974350915577,True,3,
0.004819278597240956,1.4786271565010344e-05,0.8065672567469676,True,3,
0.004834064868805966,1.4817703279046141e-05,0.8066362431942742,True,3,
0.004848882572085013,1.4848566816332654e-05,0.806704468042107,True,3,
0.004863731138901346,1.4878865428941052e-05,0.8067720052315067,True,3,
0.004878610004330287,1.4908601806090845e-05,0.8068389292616565,True,3,
0.004893518606136378,1.4937778060599579e-05,0.8069053154090283,True,3,
0.004908456384196978,1.4966395713610973e-05,0.806971239959614,True,3,
0.0049234227799105895,1.4994455677456193e-05,0.8070367804800285,True,3,
0.004938417235588045,1.502195823626415e-05,0.8071020160589292,True,3,
0.0049534391938243095,1.5048903024573946e-05,0.8071670276176177,True,3,
0.004968488096848883,1.5075289003286641e-05,0.8072318981914283,True,3,
0.0049835633858521695,1.5101114433208657e-05,0.807296713275744,True,3,
0.004998664500285378,1.5126376845567783e-05,0.8073615611617361,True,3,
0.005013790877130946,1.5151073009581973e-05,0.8074265333294456,True,3,
0.005028941950140527,1.517519889653184e-05,0.8074917248514708,True,3,
0.0050441171490370595,1.519874964022616e-05,0.8075572348542297,True,3,
0.005059315898677285,1.5221719493311923e-05,0.8076231669923339,True,3,
0.005074537618170598,1.5244101779300274e-05,0.8076896299925801,True,3,
0.005089781719949898,1.5265888839651854e-05,0.807756738245623,True,3,
0.00510504760878955,1.5287071975473688e-05,0.8078246124448186,True,3,
0.005120334680765023,1.5307641383389458e-05,0.8078933803038711,True,3,
0.005135642322148412,1.5327586084851123e-05,0.8079631773450244,True,3,
0.005150969908233264,1.5346893848243345e-05,0.8080341477738918,True,3,
0.005166316802081507,1.5365551102986867e-05,0.8081064454437663,True,3,
0.005181682353184494,1.5383542844828935e-05,0.8081802349395238,True,3,
0.005197065896029323,1.540085253123329e-05,0.8082556927892045,True,3,
0.005212466748560556,1.5417461965717428e-05,0.8083330087936894,True,3,
0.005227884210526274,1.5433351170092316e-05,0.8084123875583096,True,3,
0.0052433175616963664,1.544849824277979e-05,0.8084940501664972,True,3,
0.005258766059939146,1.5462879201976707e-05,0.8085782361182361,True,3,
0.005274228939141123,1.547646781129213e-05,0.8086652054505838,True,3,
0.005289705406952415,1.5489235386308417e-05,0.8087552412089166,True,3,
0.005305194642338723,1.550115057894833e-05,0.808848652183709,True,3,
0.005320695792917671,1.5512179137396973e-05,0.8089457760675264,True,3,
0.005336207972055068,1.552228363791242e-05,0.8090469830322147,True,3,
0.0053517302556929805,1.5531423184938695e-05,0.8091526798104566,True,3,
0.005367261678877919,1.5539553075227853e-05,0.8092633143751695,True,3,
0.005382801231953147,1.5546624420905244e-05,0.8093793813208592,True,3,
0.005398347856374053,1.5552583725566503e-05,0.8095014280473912,True,3,
0.005413900440099619,1.5557372406722732e-05,0.8096300618941998,True,3,
0.005429457812506342,1.556092625672968e-05,0.809765958436743,True,3,
0.005445018738763072,1.5563174832603862e-05,0.8099098710540674,True,3,
0.005460581913595676,1.5564040764463367e-05,0.8100626421633574,True,3,
0.005476145954360139,1.556343896900795e-05,0.8102252162582869,True,3,
0.005491709393329146,1.5561275753748234e-05,0.8103986553054219,True,3,
0.005507270669082894,1.5557447793145138e-05,0.8105841567507531,True,3,
0.005522828116876039,1.555184095639162e-05,0.8107830748735867,True,3,
0.00553837995783243,1.5544328960762644e-05,0.8109969460898597,True,3,
0.0055539242867931925,1.5534771820323626e-05,0.8112275190331153,True,3,
0.0055694590586135165,1.5523014053969584e-05,0.8114767905690007,True,3,
0.005584982072667486,1.5508882608456665e-05,0.8117470489985069,True,3,
0.005600490955275943,1.5492184443692683e-05,0.8120409261753132,True,3,
0.005615983139719636,1.5472703715816556e-05,0.8123614606608784,True,3,
0.005631455843435452,1.5450198479621135e-05,0.8127121746365983,True,3,
0.005646906041915073,1.5424396814340948e-05,0.8130971680649004,True,3,
0.005662330438729414,1.5394992254844152e-05,0.8135212346215628,True,3,
0.0056777254309842585,1.5361638382502382e-05,0.8139900052283391,True,3,
0.005693087069366761,1.532394239542319e-05,0.8145101268695437,True,3,
0.005708411011762184,1.5281457433395116e-05,0.8150894868387553,True,3,
0.005723692469195579,1.523367337635661e-05,0.8157374958864264,True,3,
0.005738926142571935,1.518000576312161e-05,0.8164654482690267,True,3,
0.005754106148335057,1.5119782385197475e-05,0.8172869832885488,True,3,
0.0057692259307202546,1.5052226990062659e-05,0.8182186817300342,True,3,
0.005784278157710317,1.4976439374298335e-05,0.8192808434143307,True,3,
0.0057992545970846155,1.4891370946567712e-05,0.8204985106108984,True,3,
0.005814145968031184,1.4795794578153988e-05,0.8219028286449059,True,3,
0.0058289417626093375,1.468826721903527e-05,0.8235328747940246,True,3,
0.005843630029828373,1.4567083312938997e-05,0.8254381461771249,True,3,
0.005858197113141312,1.4430216465678155e-05,0.8276819881883278,True,3,
0.00587262732960699,1.4275246072626271e-05,0.8303463874118144,True,3,
0.005886902575679616,1.4099264645998746e-05,0.8335387793194836,True,3,
0.005901001840325615,1.3898760362392252e-05,0.8374018923056413,True,3,
0.005914900600688007,1.3669467837729591e-05,0.8421282754244792,True,3,
0.0059285700685257365,1.3406178331732157e-05,0.8479822508716979,True,3,
0.005941976246857468,1.3102498557018668e-05,0.8553340253861861,True,3,
0.005955078745414487,1.2750545214249185e-05,0.8647145147561758,True,3,
0.005967829290628736,1.234056064475079e-05,0.8769072169163885,True,3,
0.005980169851273487,1.1860433911260795e-05,0.8931105376424553,True,3,
0.005992030285184748,1.1295110410723852e-05,0.9152449528334629,True,3,
0.006003325395595472,1.0625865604594795e-05,0.9465894273272986,True,3,
0.006013951261200067,9.829377246766678e-06,0.9932721770204483,True,3,
0.006023780638446834,8.876349166636872e-06,1.0684177288573393,False,3,
0.006023780638446834,4.438174583318436e-06,0.28613966929949874,True,3,
0.006028218813030152,7.467201245079263e-06,0.9124367997824745,True,3,
0.006035686014275231,7.0355648272770395e-06,1.008880065512609,False,3,
0.006035686014275231,3.5177824136385198e-06,0.32512314363167516,True,3,
0.00603920379668887,5.552486868227692e-06,0.5511704953505603,True,3,
0.006044756283557098,6.731115905112632e-06,0.5418865563085674,True,3,
0.006051487399462211,8.229536768625303e-06,0.5480833605316213,True,3,
0.0060597169362308365,1.0004481620621003e-05,0.5436911090844948,True,3,
0.006069721417851458,1.22112742369985e-05,0.5239162374016582,True,3,
0.006081932692088456,1.518352345960425e-05,0.47568656804964604,True,3,
0.00609711621554806,1.9813200300296025e-05,0.6508255090202862,True,3,
0.006116929415848356,2.2103693820194773e-05,0.8088403598660112,True,3,
0.006139033109668551,2.2119533255886584e-05,0.8086994753879556,True,3,
0.006161152642924437,2.2137312073624553e-05,0.8080429756923013,True,3,
0.006183289954998062,2.2164103382608182e-05,0.8073809486777355,True,3,
0.00620545405838067,2.2200023182642337e-05,0.8067139084892704,True,3,
0.0062276540815633125,2.224519233578947e-05,0.8060407115138076,True,3,
0.006249899273899102,2.229975982893064e-05,0.8053601644740236,True,3,
0.0062721990337280325,2.236390418726334e-05,0.8046710189628472,True,3,
0.006294562937915296,2.2437835120106236e-05,0.8037473673188921,True,3,
0.006317000773035402,2.2524941934372006e-05,0.8029980118095817,True,3,
0.006339525714969774,2.2622935357361346e-05,0.8160390868383478,True,3,
0.006362148650327135,2.253906953517183e-05,0.8341286220078412,True,3,
0.006384687719862307,2.221068644025369e-05,0.8290972315066699,True,3,
0.0064068984063025605,2.1953398355057692e-05,0.8261192582689391,True,3,
0.0064288518046576185,2.173816566589749e-05,0.8236972065094886,True,3,
0.006450589970323516,2.155666670780146e-05,0.8217289428619874,True,3,
0.006472146637031317,2.1402269307209236e-05,0.8201033635833495,True,3,
0.006493548906338527,2.1270026814838176e-05,0.8187429727786717,True,3,
0.006514818933153365,2.115615567711779e-05,0.8175912254244133,True,3,
0.006535975088830482,2.1057710590704684e-05,0.8166060578295183,True,3,
0.006557032799421187,2.0972362869473566e-05,0.8157556108858198,True,3,
0.0065780051622906606,2.0898246044666655e-05,0.8150153679627291,True,3,
0.006598903408335327,2.0833845947365226e-05,0.8143661934536758,True,3,
0.006619737254282693,2.0777920949319122e-05,0.8137929605894945,True,3,
0.006640515175232012,2.0729443090825913e-05,0.8132835734928956,True,3,
0.006661244618322838,2.068755395482122e-05,0.8128282586423747,True,3,
0.006681932172277659,2.0651531130835242e-05,0.812419043532214,True,3,
0.0067025837034084945,2.062076240600223e-05,0.8120493679010854,True,3,
0.006723204465814496,2.0594725673188633e-05,0.811713790083423,True,3,
0.006743799191487685,2.0572973125332274e-05,0.8114077626513936,True,3,
0.006764372164613017,2.0555118701589477e-05,0.8111274591635771,True,3,
0.006784927283314607,2.0540828027815845e-05,0.8108696390835528,True,3,
0.0068054681113424225,2.0529810289567075e-05,0.8106315414647635,True,3,
0.00682599792163199,2.0521811616904396e-05,0.8104108005721548,True,3,
0.0068465197332488945,2.051660966218813e-05,0.8102053784158276,True,3,
0.006867036342911082,2.0514009126591417e-05,0.8100135103546015,True,3,
0.006887550352037673,2.0513838047535493e-05,0.8098336609831351,True,3,
0.006908064190085209,2.0515944700183487e-05,0.8096644880827583,True,3,
0.006928580134785392,2.052019499836421e-05,0.809504813016582,True,3,
0.0069491003297837564,2.052647030384095e-05,0.8093535962527361,True,3,
0.006969626800087597,2.053466557176008e-05,0.8092099170039009,True,3,
0.006990161465659357,2.054468777461369e-05,0.8090729562564001,True,3,
0.0070107061534339715,2.055645455752162e-05,0.8089419824685612,True,3,
0.007031262607991493,2.056989308772526e-05,0.808816339541469,True,3,
0.007051832501079218,2.058493906694479e-05,0.8086954365886599,True,3,
0.007072417440146163,2.0601535881815154e-05,0.8085787392517684,True,3,
0.007093018976027978,2.061963387125447e-05,0.8084657622487537,True,3,
0.007113638609899232,2.0639189693930225e-05,0.8083560629611712,True,3,
0.007134277799593162,2.0660165781706656e-05,0.8082492359357988,True,3,
0.007154937965374869,2.0682529866741093e-05,0.8081449080740927,True,3,
0.00717562049524161,2.0706254572940813e-05,0.8080427344548001,True,3,
0.00719632674981455,2.0731317063313415e-05,0.8079423946969692,True,3,
0.007217058066877864,2.0757698736024107e-05,0.807843589723663,True,3,
0.007237815765613888,2.0785384963839603e-05,0.8077460389377136,True,3,
0.007258601150577727,2.0814364871555964e-05,0.8076494776754886,True,3,
0.007279415515449283,2.084463114777885e-05,0.8075536549614158,True,3,
0.007300260146597062,2.0876179887176103e-05,0.8074583314597719,True,3,
0.007321136326484238,2.0909010460691086e-05,0.807363277629907,True,3,
0.007342045336944929,2.0943125411159582e-05,0.8072682720535449,True,3,
0.007362988462356088,2.0978530372205977e-05,0.8071730998708504,True,3,
0.007383966992728294,2.1015234009141737e-05,0.8070775513302852,True,3,
0.007404982226737436,2.105324798055373e-05,0.8069814204735168,True,3,
0.00742603547471799,2.1092586919017318e-05,0.8068845038093577,True,3,
0.007447128061637007,2.1133268431298574e-05,0.8067865991364873,True,3,
0.0074682613300683055,2.1175313116359538e-05,0.8066875043134767,True,3,
0.007489436643184665,2.1218744602141188e-05,0.8065870161443632,True,3,
0.007510655387786806,2.1263589599936212e-05,0.8064849292145145,True,3,
0.007531918977386742,2.1309877977364834e-05,0.8063810347288196,True,3,
0.007553228855364107,2.135764285033586e-05,0.8062751193850469,True,3,
0.007574586498214443,2.1406920693987932e-05,0.8061669641665534,True,3,
0.007595993418908431,2.145775147419123e-05,0.8060563431184068,True,3,
0.007617451170382622,2.151017880041331e-05,0.8059430220995266,True,3,
0.0076389613491830355,2.1564250100919703e-05,0.8058267573750417,True,3,
0.007660525599283955,2.1620016823178114e-05,0.8057072942694331,True,3,
0.007682145616107134,2.1677534659492792e-05,0.8055843655756145,True,3,
0.007703823150766627,2.1736863802079185e-05,0.8054576899378239,True,3,
0.007725560014568706,2.179806922901572e-05,0.8053269700776597,True,3,
0.0077473580837977216,2.1861221024407418e-05,0.80519189083291,True,3,
0.007769219304822129,2.1926394736692304e-05,0.8050521170440984,True,3,
0.007791145699558822,2.1993671778760055e-05,0.8049072911902319,True,3,
0.007813139371337582,2.2063139875133183e-05,0.8047570308171889,True,3,
0.007835202511212716,2.2134893561159586e-05,0.8046009256442577,True,3,
0.007857337404773875,2.2209034741063887e-05,0.8044385343472779,True,3,
0.00787954643951494,2.228567331213231e-05,0.8041561610426843,True,3,
0.007901832112827072,2.236650222580265e-05,0.8038302919390582,True,3,
0.007924198615052874,2.245217392228229e-05,0.8036429159195544,True,3,
0.007946650788975156,2.254080110002727e-05,0.8034473216698912,True,3,
0.007969191590075184,2.263253249428003e-05,0.8032422557303965,True,3,
0.007991824122569463,2.2727537785210662e-05,0.8030269695454267,True,3,
0.008014551660354674,2.2826001017204605e-05,0.8028006450884172,True,3,
0.008037377661371877,2.2928122073749283e-05,0.8025623831281863,True,3,
0.008060305783445626,2.3034118392657928e-05,0.8023111926637625,True,3,
0.008083339901838285,2.3144226919002e-05,0.8020459785945272,True,3,
0.008106484128757287,2.3258706337003345e-05,0.8017655274976471,True,3,
0.00812974283509429,2.337783962741248e-05,0.8014684909894209,True,3,
0.008153120674721702,2.3501937008667425e-05,0.801153366291666,True,3,
0.00817662261173037,2.3631339330911454e-05,0.8008184733608917,True,3,
0.008200253951061281,2.3766422007915303e-05,0.800461927912296,True,3,
0.008224020373069196,2.3907599590079572e-05,0.8000816093922215,True,3,
0.008247927972659275,2.405533110621384e-05,0.7996751228390945,True,3,
0.008271983303765489,2.4210126331009903e-05,0.799239753131947,True,3,
0.008296193430096499,2.4372553174882375e-05,0.7987724099051553,True,3,
0.008320565983271381,2.4543246441210082e-05,0.798269560737069,True,3,
0.00834510922971259,2.4722918261567873e-05,0.7977271496849462,True,3,
0.008369832147974158,2.491237060284993e-05,0.7971404972109634,True,3,
0.008394744518577009,2.5112510352343254e-05,0.7965041764584319,True,3,
0.008419857028929351,2.5324367633863432e-05,0.7958118589659958,True,3,
0.008445181396563214,2.5549118209580957e-05,0.7950561208247957,True,3,
0.008470730514772795,2.5788111092266928e-05,0.7942281968843871,True,3,
0.008496518625865061,2.6042902867959343e-05,0.7933176659883084,True,3,
0.00852256152873302,2.6315300753086336e-05,0.7923120437565319,True,3,
0.008548876829486107,2.6607417148904186e-05,0.7911962497324179,True,3,
0.00857548424663501,2.6921739518879394e-05,0.7899519011472916,True,3,
0.00860240598615389,2.7261220971338187e-05,0.7885563642575916,True,3,
0.008629667207125227,2.762939923765624e-05,0.7869814604212122,True,3,
0.008657296606362884,2.8030555246370706e-05,0.7851916714490403,True,3,
0.008685327161609255,2.846992793718857e-05,0.7831416034504607,True,3,
0.008713797089546444,2.8954010618151294e-05,0.7807723266765253,True,3,
0.008742751100164595,2.9490968330713994e-05,0.7780059661967236,True,3,
0.00877224206849531,3.0091239582751503e-05,0.7747374879311922,True,3,
0.00880233330807806,3.0768427593753815e-05,0.7708218308452995,True,3,
0.008833101735671815,3.1540662320802735e-05,0.7660530035345139,True,3,
0.008864642397992617,3.2432760005752996e-05,0.7601286430377971,True,3,
0.00889707515799837,3.347980107631044e-05,0.7525867677356577,True,3,
0.008930554959074681,3.473338332330236e-05,0.7426856326833199,True,3,
0.008965288342397983,3.627330164697819e-05,0.7291569807493855,True,3,
0.009001561644044961,3.823130106566224e-05,0.7672888906315386,True,3,
0.009039792945110623,3.9280963541584475e-05,0.8089310872062456,True,3,
0.009079073908652207,3.930690769412338e-05,0.8078887580319889,True,3,
0.009118380816346331,3.935823422040903e-05,0.8068831142247428,True,3,
0.00915773905056674,3.94341788503867e-05,0.8058791290678191,True,3,
0.009197173229417127,3.95348738209923e-05,0.8048702361206017,True,3,
0.00923670810323812,3.9660659596994316e-05,0.8038498206387954,True,3,
0.009276368762835113,3.981209049090714e-05,0.8028110784840397,True,3,
0.00931618085332602,3.998994561343586e-05,0.8017468715130601,True,3,
0.009356170798939455,4.0195245538364194e-05,0.8006495688017625,True,3,
0.009396366044477819,4.0429275461151985e-05,0.7995108659103637,True,3,
0.00943679531993897,4.069361599439937e-05,0.9612565913896541,True,3,
0.00947748893593337,3.735503318721083e-05,0.9858074112250347,True,3,
0.009514843969120581,3.386067385021334e-05,0.9507358908971281,True,3,
0.009548704642970795,3.1254183775785716e-05,0.9304706774642124,True,3,
0.00957995882674658,2.9160792675196785e-05,0.9155284635582134,True,3,
0.009609119619421777,2.7428743244496356e-05,0.9042339573640419,True,3,
0.009636548362666274,2.5960198709535682e-05,0.8954150388119457,True,3,
0.009662508561375809,2.4690980115734133e-05,0.8883516181098841,True,3,
0.009687199541491543,2.3576991683020674e-05,0.8825753792252962,True,3,
0.009710776533174564,2.2586815052411522e-05,0.8777697708676264,True,3,
0.009733363348226975,2.1697374999488082e-05,0.8737136186855187,True,3,
0.009755060723226463,2.0891284909296595e-05,0.8702479560854781,True,3,
0.009775952008135759,2.015515560256676e-05,0.8672557115605493,True,3,
0.009796107163738325,1.947848074831007e-05,0.8646488257320158,True,3,
0.009815585644486636,1.8852880376312827e-05,0.8623598258187569,True,3,
0.00983443852486295,1.8271574088951e-05,0.8603361640261412,True,3,
0.0098527100989519,1.7729005850389762e-05,0.8585363209765287,True,3,
0.009870439104802288,1.7220571339382104e-05,0.8569270659197217,True,3,
0.00988765967614167,1.674241626745599e-05,0.8554814932237569,True,3,
0.009904402092409127,1.6291284787794116e-05,0.854177590697143,True,3,
0.00992069337719692,1.586440390163347e-05,0.8529971793610348,True,3,
0.009936557781098554,1.5459394156927954e-05,0.8519251171128268,True,3,
0.009952017175255483,1.5074199835786778e-05,0.8509486928694446,True,3,
0.00996709137509127,1.4707033782831177e-05,0.8500571601250363,True,3,
0.009981798408874101,1.4356333368949829e-05,0.8492413739816702,True,3,
0.009996154742243052,1.4020725020058875e-05,0.8484935058220984,True,3,
0.010010175467263112,1.3698995403160781e-05,0.8478068169905996,True,3,
0.010023874462666272,1.3390067836534101e-05,0.8471754777068308,True,3,
0.010037264530502805,1.3092982836463422e-05,0.8465944210311734,True,3,
0.01005035751333927,1.2806881966537804e-05,0.8460592242388691,True,3,
0.010063164395305808,1.2530994344062579e-05,0.8455660117616612,True,3,
0.01007569538964987,1.2264625300034013e-05,0.845111375338934,True,3,
0.010087960014949904,1.2007146795855391e-05,0.8446923078236728,True,3,
0.010099967161745759,1.1757989283027365e-05,0.844306148096035,True,3,
0.010111725151028787,1.1516634754463214e-05,0.8439505349594433,True,3,
0.01012324178578325,1.1282610785581895e-05,0.8436233682998528,True,3,
0.010134524396568832,1.1055485402331917e-05,0.8433227763294667,True,3,
0.010145579881971165,1.0834862642769922e-05,0.8430470877290447,True,3,
0.010156414744613934,1.0620378703876674e-05,0.8427948079457525,True,3,
0.01016703512331781,1.0411698583867722e-05,0.8425645989016957,True,3,
0.010177446821901678,1.0208513146146473e-05,0.8423552615971525,True,3,
0.010187655335047825,1.001053654329358e-05,0.8421657211328283,True,3,
0.010197665871591119,9.817503949784041e-06,0.8419950137568278,True,3,
0.010207483375540902,9.629169560531765e-06,0.8418422757133874,True,3,
0.010217112545101433,9.44530481866489e-06,0.8417067335059242,True,3,
0.010226557849920099,9.265696842321766e-06,0.8415876954862147,True,3,
0.01023582354676242,9.090147024165802e-06,0.8414845445196952,True,3,
0.010244913693786585,8.91846978160554e-06,0.8413967316077877,True,3,
0.010253832163568191,8.750491438756027e-06,0.8413237703198538,True,3,
0.010262582655006947,8.586049223998457e-06,0.841265231967472,True,3,
0.010271168704230945,8.42499036906409e-06,0.8412207413888747,True,3,
0.01027959369460001,8.267171297715542e-06,0.8411899732954933,True,3,
0.010287860865897724,8.112456893575348e-06,0.8411726491163043,True,3,
0.0102959733227913,7.960719838039207e-06,0.8411685342824431,True,3,
0.01030393404262934,7.811840010407939e-06,0.8411774358907503,True,3,
0.010311745882639748,7.665703943450106e-06,0.8411992007384714,True,3,
0.0103194115865832,7.522204328321845e-06,0.8412337136962587,True,3,
0.01032693379091152,7.381239563524875e-06,0.8412808963286008,True,3,
0.010334315030475045,7.24271334350725e-06,0.8413407058479271,True,3,
0.010341557743818551,7.106534282572396e-06,0.8414131343073374,True,3,
0.010348664278101124,6.972615570597954e-06,0.8414982080062984,True,3,
0.010355636893671721,6.840874657514599e-06,0.8415959871927062,True,3,
0.010362477768329235,6.7112329634614445e-06,0.8417065659346308,True,3,
0.010369189001292698,6.583615612354683e-06,0.8418300722487669,True,3,
0.010375772616905053,6.457951186494785e-06,0.841966668430367,True,3,
0.010382230568091549,6.334171500301158e-06,0.8421165516269803,True,3,
0.01038856473959185,6.212211391310854e-06,0.8422799546107128,True,3,
0.010394776950983162,6.0920085269543834e-06,0.8424571468105306,True,3,
0.010400868959510116,5.9735032255747455e-06,0.8426484355605574,True,3,
0.010406842462735691,5.856638290502107e-06,0.8428541676299104,True,3,
0.010412699101026194,5.741358855928701e-06,0.8430747309933176,True,3,
0.010418440459882123,5.627612243644989e-06,0.8433105569229361,True,3,
0.010424068072125769,5.515347829581738e-06,0.8435621223643329,True,3,
0.010429583419955351,5.404516919401119e-06,0.8438299526759832,True,3,
0.010434987936874753,5.295072632280146e-06,0.8441146247133935,True,3,
0.010440283009507032,5.1869697922689916e-06,0.8444167703643084,True,3,
0.010445469979299302,5.080164826447292e-06,0.8447370804952082,True,3,
0.010450550144125749,4.974615669424169e-06,0.845076309430885,True,3,
0.010455524759795174,4.870281673550724e-06,0.8454352799928658,True,3,
0.010460395041468725,4.767123524365825e-06,0.8458148891677383,True,3,
0.01046516216499309,4.665103160825295e-06,0.8462161144970143,True,3,
0.010469827268153915,4.564183699865349e-06,0.8466400212719438,True,3,
0.01047439145185378,4.4643293649101165e-06,0.8470877706541837,True,3,
0.01047885578121869,4.365505417925925e-06,0.8475606288350499,True,3,
0.010483221286636615,4.267678094687145e-06,0.8480599774017408,True,3,
0.010487488964731301,4.1708145428856335e-06,0.8485873250732987,True,3,
0.010491659779274187,4.0748827627653846e-06,0.8491443210148472,True,3,
0.010495734662036953,3.979851549968771e-06,0.8497327699880298,True,3,
0.010499714513586922,3.885690440255368e-06,0.8503546496276655,True,3,
0.010503600204027177,3.7923696557611074e-06,0.851012130151246,True,3,
0.010507392573682939,3.699860052550849e-06,0.8517075970001267,True,3,
0.01051109243373549,3.608133069013025e-06,0.8524436768084079,True,3,
0.010514700566804503,3.517160674859395e-06,0.8532232673783332,True,3,
0.010518217727479361,3.426915320285777e-06,0.8540495723378677,True,3,
0.010521644642799647,3.3373698849253933e-06,0.854926141370443,True,3,
0.010524982012684573,3.2484976261574486e-06,0.855856917110934,True,3,
0.01052823051031073,3.160272126240293e-06,0.8568462899706074,True,3,
0.010531390782436971,3.072667237776127e-06,0.8578991625758211,True,3,
0.010534463449674748,2.9856570268102995e-06,0.8590210257821522,True,3,
0.010537449106701558,2.8992157128652183e-06,0.8602180488239074,True,3,
0.010540348322414423,2.8133176049943618e-06,0.8614971867113868,True,3,
0.010543161640019418,2.7279370328617034e-06,0.8628663089171744,True,3,
0.01054588957705228,2.643048271566851e-06,0.7890370468962812,True,3,
0.010548532625323848,2.677928067093522e-06,0.7653193651394704,True,3,
0.01055121055339094,2.754990243775325e-06,0.766781047766829,True,3,
0.010553965543634716,2.8315673088128722e-06,0.768161667207665,True,3,
0.010556797110943528,2.9076563944418125e-06,0.7694735171810779,True,3,
0.01055970476733797,2.9832438515330476e-06,0.770721866394448,True,3,
0.010562688011189503,3.0583164684400163e-06,0.7719114575683722,True,3,
0.010565746327657943,3.1328614527957803e-06,0.7730465701446075,True,3,
0.010568879189110739,3.206866417889353e-06,0.7741310754849499,True,3,
0.010572086055528628,3.280319370372101e-06,0.7751684844111436,True,3,
0.010575366374899,3.3532086990191584e-06,0.7761619882675341,True,3,
0.01057871958359802,3.42552316437719e-06,0.7771144945274263,True,3,
0.010582145106762397,3.497251889121613e-06,0.7780286577605454,True,3,
0.01058564235865152,3.5683843489946953e-06,0.7789069066634723,True,3,
0.010589210743000513,3.638910364186433e-06,0.779751467692382,True,3,
0.0105928496533647,3.7088200911168966e-06,0.7805643858316896,True,3,
0.010596558473455817,3.778104014473933e-06,0.7813475428380421,True,3,
0.01060033657747029,3.846752939522137e-06,0.7821026733759733,True,3,
0.010604183330409812,3.914757984533081e-06,0.7828313792511724,True,3,
0.010608098088394345,3.982110573392986e-06,0.7835351420588068,True,3,
0.01061208019896774,4.048802428279404e-06,0.7842153344147599,True,3,
0.010616129001396019,4.114825562403325e-06,0.7848732299546651,True,3,
0.010620243826958422,4.180172272806107e-06,0.7855100122687987,True,3,
0.010624423999231228,4.244835133167077e-06,0.7861267828823338,True,3,
0.010628668834364394,4.308806986639783e-06,0.7867245684237257,True,3,
0.010632977641351035,4.372080938661457e-06,0.7873043270547585,True,3,
0.010637349722289696,4.4346503497478076e-06,0.787866954233597,True,3,
0.010641784372639443,4.496508828329989e-06,0.7884132879551614,True,3,
0.010646280881467773,4.5576502234961495e-06,0.7889441134369634,True,3,
0.010650838531691268,4.618068617769523e-06,0.7894601673882096,True,3,
0.010655456600309038,4.677758319829449e-06,0.7899621418544529,True,3,
0.010660134358628866,4.736713857244165e-06,0.7904506877245665,True,3,
0.01066487107248611,4.794929969160139e-06,0.7909264179020369,True,3,
0.01066966600245527,4.8524015989983575e-06,0.7913899102037144,True,3,
0.010674518404054268,4.90912388712132e-06,0.7918417099892312,True,3,
0.01067942752794139,4.9650921635138286e-06,0.7922823325720333,True,3,
0.010684392620104904,5.020301940446017e-06,0.7927122654160622,True,3,
0.01068941292204535,5.0747489051453014e-06,0.7931319701466577,True,3,
0.010694487670950496,5.128428912480134e-06,0.7935418843920637,True,3,
0.010699616099862976,5.181337977664474e-06,0.7939424234841319,True,3,
0.01070479743784064,5.233472268951563e-06,0.7943339820009577,True,3,
0.010710030910109592,5.284828100388471e-06,0.7947169352015884,True,3,
0.01071531573820998,5.335401924583137e-06,0.7950916403390657,True,3,
0.010720651140134563,5.3851903255172314e-06,0.7954584378840579,True,3,
0.01072603633046008,5.434190011365423e-06,0.7958176526201688,True,3,
0.010731470520471445,5.482397807444612e-06,0.7961695947216114,True,3,
0.01073695291827889,5.529810649069329e-06,0.7965145606587278,True,3,
0.010742482728927959,5.576425574641219e-06,0.7968528341330089,True,3,
0.0107480591545026,5.622239718634398e-06,0.7971846868631617,True,3,
0.010753681394221235,5.667250304772028e-06,0.7975103793694618,True,3,
0.010759348644526007,5.7114546392004755e-06,0.7978301616865515,True,3,
0.010765060099165207,5.7548501037247854e-06,0.7981442740024157,True,3,
0.010770814949268933,5.797434149197639e-06,0.7984529472983068,True,3,
0.01077661238341813,5.8392042889003454e-06,0.7987564039018186,True,3,
0.01078245158770703,5.880158092081861e-06,0.7990548580439241,True,3,
0.010788331745799113,5.920293177506848e-06,0.7993485163368164,True,3,
0.01079425203897662,5.959607207177004e-06,0.799637578262744,True,3,
0.010800211646183796,5.998097880070439e-06,0.7999222365996377,True,3,
0.010806209744063867,6.035762926025351e-06,0.8002026778369173,True,3,
0.010812245506989893,6.072600099706601e-06,0.8004790825726978,True,3,
0.0108183181070896,6.108607174632244e-06,0.8007516258580213,True,3,
0.010824426714264233,6.143781937375307e-06,0.8010204775541429,True,3,
0.010830570496201609,6.178122181813377e-06,0.8012858026561942,True,3,
0.010836748618383423,6.211625703480056e-06,0.8015477615858657,True,3,
0.010842960244086902,6.244290294070293e-06,0.8018065104923513,True,3,
0.010849204534380973,6.276113736005382e-06,0.8020622015257642,True,3,
0.01085548064811698,6.307093797105308e-06,0.8023149830793365,True,3,
0.010861787741914085,6.337228225437289e-06,0.8025650000643721,True,3,
0.010868124970139522,6.366514744162282e-06,0.8028123941113503,True,3,
0.010874491484883685,6.394951046623521e-06,0.8030573038222837,True,3,
0.010880886435930309,6.422534791433022e-06,0.8032998649651013,True,3,
0.010887308970721741,6.449263597745759e-06,0.8035402106820921,True,3,
0.010893758234319487,6.475135040630421e-06,0.803778471689099,True,3,
0.010900233369360118,6.500146646540067e-06,0.8040147764564407,True,3,
0.010906733516006658,6.524295888925603e-06,0.8042492513993756,True,3,
0.010913257811895583,6.547580183925784e-06,0.8044820210331682,True,3,
0.010919805392079509,6.569996886251655e-06,0.8047132081569031,True,3,
0.010926375388965761,6.59154328512616e-06,0.8049429340156065,True,3,
0.010932966932250886,6.612216600345587e-06,0.8051713184459185,True,3,
0.010939579148851231,6.63201397851186e-06,0.8053984800332236,True,3,
0.010946211162829744,6.650932489372616e-06,0.8056245362686443,True,3,
0.010952862095319116,6.668969122254579e-06,0.8058496036864696,True,3,
0.01095953106444137,6.686120782658083e-06,0.8060737980044932,True,3,
0.01096621718522403,6.702384288990413e-06,0.8062972342736011,True,3,
0.01097291956951302,6.717756369390485e-06,0.8065200270027574,True,3,
0.01097963732588241,6.732233658739774e-06,0.8067422903001495,True,3,
0.01098636955954115,6.745812695787184e-06,0.806964138022292,True,3,
0.010993115372236937,6.758489920350472e-06,0.8071856838679387,True,3,
0.010999873862157287,6.770261670823021e-06,0.8074070415545641,True,3,
0.01100664412382811,6.781124181640659e-06,0.8076283249238878,True,3,
0.011013425248009752,6.791073581006352e-06,0.8078496480763083,True,3,
0.011020216321590759,6.8001058887552574e-06,0.8080711255098952,True,3,
0.011027016427479514,6.808217014345582e-06,0.8082928722429449,True,3,
0.01103382464449386,6.815402755050801e-06,0.8083242677501624,True,3,
0.01104064004724891,6.822463583039055e-06,0.8084746968568631,True,3,
0.011047462510831949,6.8288963270426836e-06,0.8086970753015864,True,3,
0.011054291407158991,6.834395269135505e-06,0.80892028008845,True,3,
0.011061125802428127,6.8389549099866594e-06,0.8091443499981101,True,3,
0.011067964757338114,6.842569966792437e-06,0.8093694062730479,True,3,
0.011074807327304906,6.84523503019941e-06,0.809595571894354,True,3,
0.011081652562335105,6.8469445626398895e-06,0.8098229716372733,True,3,
0.011088499506897744,6.847692897271932e-06,0.8100517322189978,True,3,
0.011095347199795016,6.8474742371601906e-06,0.8102819824713337,True,3,
0.011102194674032177,6.846282654620485e-06,0.8105138534969086,True,3,
0.011109040956686796,6.844112090828123e-06,0.8107474788550326,True,3,
0.011115885068777625,6.840956355597689e-06,0.8109829947400489,True,3,
0.011122726025133223,6.836809127401855e-06,0.8112205401580357,True,3,
0.011129562834260625,6.831663953674666e-06,0.811460257140518,True,3,
0.011136394498214299,6.825514251284807e-06,0.8117022909348098,True,3,
0.011143220012465583,6.818353307322254e-06,0.8119467902179265,True,3,
0.011150038365772906,6.810174280147015e-06,0.8121939073240932,True,3,
0.011156848540053053,6.800970200694565e-06,0.8124437984744926,True,3,
0.011163649510253748,6.790733974084162e-06,0.812696624025561,True,3,
0.011170440244227833,6.779458381511767e-06,0.8129525487115931,True,3,
0.011177219702609344,6.767136082515078e-06,0.813211741944007,True,3,
0.011183986838691859,6.753759617442529e-06,0.8134743780629201,True,3,
0.0111907405983093,6.739321410398635e-06,0.8137406366601618,True,3,
0.0111974799197197,6.723813772446428e-06,0.8140107028879323,True,3,
0.011204203733492147,6.70722890521136e-06,0.8142847678023881,True,3,
0.011210910962397357,6.689558904832226e-06,0.8145630287033662,True,3,
0.01121760052130219,6.670795766371621e-06,0.8148456895383969,True,3,
0.011224271317068562,6.650931388525083e-06,0.8151329612824012,True,3,
0.011230922248457087,6.629957578840677e-06,0.8154250623706297,True,3,
0.011237552206035928,6.6078660593497286e-06,0.8157222191593574,True,3,
0.011244160072095277,6.584648472624399e-06,0.8160246664120618,True,3,
0.011250744720567902,6.560296388296888e-06,0.8163326478098903,True,3,
0.011257305016956199,6.534801310090051e-06,0.81664641651347,True,3,
0.01126383981826629,6.508154683311849e-06,0.8169662357547296,True,3,
0.011270347972949601,6.4803479028655355e-06,0.817292379475709,True,3,
0.011276828320852467,6.451372321773102e-06,0.8176251330114205,True,3,
0.01128327969317424,6.4212192602368995e-06,0.817964793826508,True,3,
0.011289700912434477,6.389880015242513e-06,0.8183116723047542,True,3,
0.011296090792449719,6.357345870728383e-06,0.8186660926090499,True,3,
0.011302448138320447,6.323608108299191e-06,0.8190283935923215,True,3,
0.011308771746428746,6.288658018558605e-06,0.819398929802033,True,3,
0.011315060404447304,6.252486912995793e-06,0.8197780725592895,True,3,
0.0113213128913603,6.2150861364624754e-06,0.8201662111165097,True,3,
0.011327527977496763,6.176447080290928e-06,0.8205637539312248,True,3,
0.011333704424577054,6.136561195993493e-06,0.8209711300575757,True,3,
0.011339840985773047,6.095420009518283e-06,0.8213887906107307,True,3,
0.011345936405782565,6.0530151362432875e-06,0.8218172104457291,True,3,
0.011351989420918808,6.009338296408286e-06,0.8222568899066227,True,3,
0.011357998759215216,5.9643813312749665e-06,0.8227083567882519,True,3,
0.01136396314054649,5.918136219832128e-06,0.8231721684854332,True,3,
0.011369881276766323,5.870595096026512e-06,0.8236489143115282,True,3,
0.01137575187186235,5.82175026663509e-06,0.8241392180871541,True,3,
0.011381573622128984,5.771594229612001e-06,0.8246437409662651,True,3,
0.011387345216358596,5.720119692956297e-06,0.8251631845480843,True,3,
0.011393065336051552,5.667319594075631e-06,0.8256982943273391,True,3,
0.011398732655645628,5.61318711955546e-06,0.8262498634964127,True,3,
0.011404345842765184,5.557715725329833e-06,0.8268187371641799,True,3,
0.011409903558490513,5.500899157176468e-06,0.8274058170241129,True,3,
0.01141540445764769,5.4427314715184815e-06,0.8280120665731062,True,3,
0.011420847189119208,5.383207056369009e-06,0.8286385168961647,True,3,
0.011426230396175577,5.322320652428296e-06,0.8292862731391245,True,3,
0.011431552716828006,5.2600673741913145e-06,0.8299565217402736,True,3,
0.011436812784202197,5.196442730985828e-06,0.8306505385618331,True,3,
0.011442009226933184,5.131442647743295e-06,0.831369697976334,True,3,
0.011447140669580927,5.065063485513863e-06,0.8321154831635663,True,3,
0.011452205733066441,4.997302061377943e-06,0.8328894976793357,True,3,
0.011457203035127818,4.928155667737211e-06,0.833693478576204,True,3,
0.011462131190795555,4.857622090702875e-06,0.8345293112846623,True,3,
0.011466988812886257,4.7856996273710786e-06,0.8353990465489698,True,3,
0.01147177451251363,4.7123871017133895e-06,0.8363049197429119,True,3,
0.011476486899615343,4.637683878810027e-06,0.8372493729652017,True,3,
0.011481124583494153,4.5615898771166145e-06,0.8382350804434657,True,3,
0.011485686173371269,4.484105578277197e-06,0.8392649777300201,True,3,
0.011490170278949547,4.4052320342069705e-06,0.8403422955025585,True,3,
0.011494575510983754,4.324970870787088e-06,0.8414705987214665,True,3,
0.01149890048185454,4.243324287702902e-06,0.8426538322320354,True,3,
0.011503143806142244,4.160295053715707e-06,0.8438963740747459,True,3,
0.011507304101195959,4.075886496564074e-06,0.845203098041947,True,3,
0.011511379987692524,3.990102486617412e-06,0.8465794474365029,True,3,
0.01151537009017914,3.902947413190226e-06,0.8480315224593242,True,3,
0.01151927303759233,3.814426152198412e-06,0.8495661842173226,True,3,
0.011523087463744528,3.724544023681947e-06,0.8511911792393474,True,3,
0.01152681200776821,3.6333067372719003e-06,0.8529152893198869,True,3,
0.011530445314505483,3.540720323415e-06,0.854748512998695,True,3,
0.011533986034828898,3.4467910475464307e-06,0.8567022867324754,True,3,
0.011537432825876444,3.3515253038341597e-06,0.8587897563294073,True,3,
0.011540784351180278,3.2549294842494857e-06,0.8610261125718323,True,3,
0.011544039280664527,3.1570098175880496e-06,0.8329895793615097,True,3,
0.011547196290482115,3.1131400432278823e-06,0.7589043606117687,True,3,
0.011550309430525343,3.2162340315833703e-06,0.759830563708886,True,3,
0.011553525664556925,3.320716292958585e-06,0.7607893140870622,True,3,
0.011556846380849884,3.4264317091146913e-06,0.7616865152162122,True,3,
0.011560272812559,3.533429710447211e-06,0.762526243817541,True,3,
0.011563806242269447,3.6417620691457807e-06,0.7633122898978579,True,3,
0.011567448004338593,3.751482718517607e-06,0.7640480666160951,True,3,
0.01157119948705711,3.86264787573274e-06,0.7647366515241846,True,3,
0.011575062134932843,3.975316176537441e-06,0.765380822365336,True,3,
0.011579037451109381,4.089548822227191e-06,0.7659830880293651,True,3,
0.011583126999931609,4.205409739860225e-06,0.7665457154051584,True,3,
0.01158733240967147,4.322965756743443e-06,0.7670707527030347,True,3,
0.011591655375428212,4.442286790401469e-06,0.7675600497377899,True,3,
0.011596097662218613,4.563446055395383e-06,0.7680152755442792,True,3,
0.011600661108274008,4.686520288647195e-06,0.7684379337387746,True,3,
0.011605347628562655,4.8115899949250884e-06,0.7688293758217845,True,3,
0.01161015921855758,4.938739714638724e-06,0.7691908127464558,True,3,
0.011615097958272218,5.068058316107501e-06,0.7695233248716669,True,3,
0.011620166016588326,5.199639315012532e-06,0.7698278705492638,True,3,
0.011625365655903339,5.33358122382655e-06,0.770105293406584,True,3,
0.011630699237127165,5.469987934653325e-06,0.7703563284849987,True,3,
0.011636169225061818,5.608969139210102e-06,0.770581607326672,True,3,
0.011641778194201029,5.750640790194449e-06,0.7707816620374599,True,3,
0.011647528834991223,5.8951256090351135e-06,0.7709569284383812,True,3,
0.011653423960600259,6.042553645515889e-06,0.7711077483056235,True,3,
0.011659466514245775,6.193062895700116e-06,0.7712343707245624,True,3,
0.011665659577141475,6.346799985517911e-06,0.7713369525700859,True,3,
0.011672006377126993,6.503920928459967e-06,0.7714155581267428,True,3,
0.011678510298055453,6.66459196701681e-06,0.7714701577547245,True,3,
0.01168517489002247,6.828990509308725e-06,0.7715006256459513,True,3,
0.011692003880531779,6.997306173793225e-06,0.7715067365528776,True,3,
0.011699001186705572,7.169741957291674e-06,0.7714881613881737,True,3,
0.011706170928662864,7.3465155442137356e-06,0.7714444616614611,True,3,
0.011713517444207077,7.527860777558679e-06,0.7713750825468821,True,3,
0.011721045304984636,7.71402931621965e-06,0.7712793444327468,True,3,
0.011728759334300856,7.905292507413271e-06,0.7711564327519707,True,3,
0.01173666462680827,8.10194350831388e-06,0.7710053858177016,True,3,
0.011744766570316582,8.304299697495718e-06,0.77082508036243,True,3,
0.011753070870014077,8.512705424567626e-06,0.7706142143604707,True,3,
0.011761583575438645,8.727535156185974e-06,0.770371286671441,True,3,
0.011770311110594832,8.949197088437769e-06,0.7700945729037812,True,3,
0.01177926030768327,9.178137310374755e-06,0.7697820967382666,True,3,
0.011788438444993644,9.414844622024242e-06,0.769431595811634,True,3,
0.011797853289615669,9.659856133212812e-06,0.7690404809831426,True,3,
0.011807513145748882,9.913763798898183e-06,0.7686057875347478,True,3,
0.01181742690954778,1.0177222083865984e-05,0.7681241164487601,True,3,
0.011827604131631645,1.0450956997386223e-05,0.7675915634369752,True,3,
0.011838055088629031,1.07357767997914e-05,0.7670036326405992,True,3,
0.011848790865428822,1.1032584763439438e-05,0.7663551311444301,True,3,
0.011859823450192262,1.1342394475360532e-05,0.7656400390878771,True,3,
0.011871165844667624,1.1666348309104977e-05,0.7648513487128777,True,3,
0.011882832192976728,1.200573987953907e-05,0.7639808632663672,True,3,
0.011894837932856266,1.2362041547922229e-05,0.7630189435988355,True,3,
0.011907199974404188,1.2736938391479977e-05,0.761954186016891,True,3,
0.011919936912795668,1.3132370531781924e-05,0.7607730084648593,True,3,
0.01193306928332745,1.3550586393120588e-05,0.7594591131256107,True,3,
0.01194661986972057,1.39942104268209e-05,0.7579927801586798,True,3,
0.011960614080147392,1.4466330236195426e-05,0.75634992699341,True,3,
0.011975080410383587,1.4970610103784344e-05,0.7545008370667763,True,3,
0.011990051020487372,1.551144103158222e-05,0.7524084136672302,True,3,
0.012005562461518954,1.6094142189795256e-05,0.75002573777441,True,3,
0.01202165660370875,1.6725236208402305e-05,0.7472925825954139,True,3,
0.012038381839917152,1.7412832948888525e-05,0.7441303237366607,True,3,
0.01205579467286604,1.8167176759480802e-05,0.7404343103149897,True,3,
0.012073961849625522,1.9001447396154493e-05,0.7360620826258001,True,3,
0.012092963297021676,1.9932968023904716e-05,0.7308145311309616,True,3,
0.01211289626504558,2.0985092722868585e-05,0.7244045104281045,True,3,
0.01213388135776845,2.2190282391378615e-05,0.7164019412948438,True,3,
0.012156071640159829,2.3595379212352726e-05,0.7061319240423334,True,3,
0.01217966701937218,2.5271239740324244e-05,0.6924711954692566,True,3,
0.012204938259112504,2.7331797901812055e-05,0.6734013621189683,True,3,
0.012232270057014317,2.997600240705504e-05,0.6448976015298347,True,3,
0.012262246059421372,3.359470590443262e-05,0.5976337438939242,True,3,
0.012295840765325803,3.911071878181752e-05,0.7148644646563085,True,3,
0.01233495148410762,4.163192115597748e-05,0.807487759766798,True,3,
0.012376583405263599,4.169663307466125e-05,0.8061634170624837,True,3,
0.01241828003833826,4.179573377139711e-05,0.8044847098527986,True,3,
0.012460075772109657,4.19387581564699e-05,0.8027795276189273,True,3,
0.012502014530266127,4.21269416915436e-05,0.8010374394021665,True,3,
0.01254414147195767,4.236195880882642e-05,0.7992456745169298,True,3,
0.012586503430766498,4.2646009149284125e-05,0.9520402676421263,True,3,
0.012629149439915782,3.933627634611684e-05,0.9058401763311991,True,3,
0.012668485716261899,3.719717571873571e-05,0.8863710485363933,True,3,
0.012705682891980635,3.5558603345848096e-05,0.8718468248836568,True,3,
0.012741241495326483,3.427418281832817e-05,0.8613515966539056,True,3,
0.012775515678144812,3.323681400949741e-05,0.8534092045542612,True,3,
0.01280875249215431,3.238047646443879e-05,0.8472165318912083,True,3,
0.01284113296861875,3.1661284740333804e-05,0.8422665376215434,True,3,
0.012872794253359084,3.104890363768818e-05,0.8382277235907997,True,3,
0.012903843156996771,3.0521633185705576e-05,0.8348749233568052,True,3,
0.012934364790182477,3.0063502069341925e-05,0.8320502737614734,True,3,
0.012964428292251818,2.9662468858984753e-05,0.8296400533076665,True,3,
0.012994090761110803,2.9309266468391006e-05,0.8275603976492976,True,3,
0.013023400027579193,2.899663547736961e-05,0.8257481858736826,True,3,
0.013052396663056564,2.8718801000210152e-05,0.8241550505942087,True,3,
0.013081115464056773,2.847110687094051e-05,0.822743336832994,True,3,
0.013109586570927714,2.8249754246067458e-05,0.8214833116569603,True,3,
0.013137836325173782,2.805161120371531e-05,0.820351197235019,True,3,
0.013165887936377497,2.7874071662274254e-05,0.8193277582781205,True,3,
0.013193762008039771,2.7714949227945686e-05,0.8183972706470265,True,3,
0.013221476957267718,2.7572396210367452e-05,0.8175467566233564,True,3,
0.013249049353478084,2.7444841063359773e-05,0.8167654101074018,True,3,
0.013276494194541444,2.7330939507674116e-05,0.8160441591036084,True,3,
0.013303825134049117,2.7229535947481968e-05,0.8153753287226982,True,3,
0.0133310546699966,2.7139632726993834e-05,0.8147523788988926,True,3,
0.013358194302723593,2.7060365423922863e-05,0.8141696982182463,True,3,
0.013385254668147516,2.6990982839652563e-05,0.8136224402428093,True,3,
0.013412245650987168,2.693083068066097e-05,0.8131063925820706,True,3,
0.01343917648166783,2.6879338165083177e-05,0.812617871158708,True,3,
0.013466055819832913,2.6836006969607653e-05,0.8121536342657881,True,3,
0.01349289182680252,2.6800402062388405e-05,0.8117108120527933,True,3,
0.01351969222886491,2.6772144070136853e-05,0.8112868484018189,True,3,
0.013546464372935047,2.6750902900392513e-05,0.8108794525154404,True,3,
0.01357321527583544,2.6736392401235372e-05,0.8104865584207477,True,3,
0.013599951668236675,2.6728365883271464e-05,0.8101062907637283,True,3,
0.013626680034119947,2.6726612365461664e-05,0.8097369357516251,True,3,
0.013653406646485408,2.6730953432874843e-05,0.8093769162484233,True,3,
0.013680137599918284,2.6741240616844297e-05,0.8090247702414969,True,3,
0.013706878840535128,2.6757353225633484e-05,0.8086791320440442,True,3,
0.013733636193760761,2.6779196567981834e-05,0.8083387157793281,True,3,
0.013760415390328743,2.6806700522460315e-05,0.8080023005785392,True,3,
0.013787222090851203,2.6839818417488665e-05,0.8076687172939481,True,3,
0.013814061909268692,2.687852619228549e-05,0.8073368362958008,True,3,
0.013840940435460978,2.6922821818022353e-05,0.8070055561154256,True,3,
0.013867863257279,2.697272496406282e-05,0.8066737927730129,True,3,
0.013894835982243062,2.702827689839445e-05,0.8063404694232257,True,3,
0.013921864259141457,2.7089540618971804e-05,0.8060045062925562,True,3,
0.01394895379976043,2.7156601214638613e-05,0.805664810543265,True,3,
0.013976110400975069,2.722956646199136e-05,0.8053202660330584,True,3,
0.014003339967437061,2.73085676667922e-05,0.8049697226072787,True,3,
0.014030648535103853,2.739376076657887e-05,0.80461198489295,True,3,
0.014058042295870432,2.7485327713854434e-05,0.804245800197962,True,3,
0.014085527623584287,2.758347816853868e-05,0.8038698453539009,True,3,
0.014113111101752826,2.768845153420167e-05,0.8034827122342146,True,3,
0.014140799553287028,2.780051938086698e-05,0.803082891503245,True,3,
0.014168600072667894,2.7919988309288674e-05,0.8025958243258258,True,3,
0.014196520060977182,2.8048477584627844e-05,0.8019765108803254,True,3,
0.01422456853856181,2.8188435907596408e-05,0.801524099861006,True,3,
0.014252756974469406,2.8337086491414708e-05,0.801051882529067,True,3,
0.01428109406096082,2.8494916094182902e-05,0.8005565368005451,True,3,
0.014309588977055004,2.866248813231279e-05,0.8000353854731298,True,3,
0.014338251465187317,2.8840434514949685e-05,0.7994854365041217,True,3,
0.014367091899702268,2.90294648752697e-05,0.7989033213217441,True,3,
0.014396121364577538,2.923037764366309e-05,0.7982852266440822,True,3,
0.0144253517422212,2.9444073261909453e-05,0.7976268117790347,True,3,
0.01445479581548311,2.967157003181948e-05,0.7969231075341286,True,3,
0.014484467385514928,2.9914023230990382e-05,0.7961683917415043,True,3,
0.014514381408745919,3.0172748311948873e-05,0.7953560347338338,True,3,
0.014544554157057868,3.044924924866062e-05,0.7944783058711103,True,3,
0.014575003406306528,3.07452534306715e-05,0.7935261291721248,True,3,
0.014605748659737199,3.1062754965686255e-05,0.7924887715678709,True,3,
0.014636811414702884,3.1404068895114026e-05,0.7913534411335503,True,3,
0.014668215483597999,3.177189973173872e-05,0.7901047632468126,True,3,
0.014699987383329737,3.216942902915042e-05,0.7887240892810142,True,3,
0.014732156812358888,3.2600428579520695e-05,0.7871885716955316,True,3,
0.01476475724093841,3.306940863935001e-05,0.7854699081390525,True,3,
0.01479782664957776,3.358181481428063e-05,0.7835326076496134,True,3,
0.01483140846439204,3.414429377525308e-05,0.78133155282675,True,3,
0.014865552758167292,3.4765058327454706e-05,0.7788085006025529,True,3,
0.014900317816494747,3.545439919072177e-05,0.7758869414902102,True,3,
0.014935772215685468,3.622541908028256e-05,0.7724643444300207,True,3,
0.01497199763476575,3.709511370862542e-05,0.7684000963796624,True,3,
0.015009092748474374,3.8086012953330175e-05,0.7634960717541379,True,3,
0.015047178761427705,3.922876327248711e-05,0.7574639994326707,True,3,
0.015086407524700193,4.056636817056874e-05,0.7498678680383344,True,3,
0.015126973892870762,4.2161520536515914e-05,0.7400159534624654,True,3,
0.015169135413407277,4.4110119397389134e-05,0.7267426280300202,True,3,
0.015213245532804667,4.656830441452062e-05,0.7079229634945865,True,3,
0.015259813837219187,4.981268304359814e-05,0.6792454570563892,True,3,
0.015309626520262786,5.439626399683744e-05,0.6730963216643665,True,3,
0.015364022784259624,5.967232694608477e-05,0.8073571381158154,True,3,
0.015423695111205709,5.9769915027268484e-05,0.8048548734056715,True,3,
0.015483465026232978,5.996065368334409e-05,0.8022087597484748,True,3,
0.015543425679916322,6.0251126092748225e-05,0.7995153351514076,True,3,
0.01560367680600907,6.0644899213907935e-05,0.7967344131443503,True,3,
0.01566432170522298,6.114768224648751e-05,0.7938213969874609,True,3,
0.015725469387469465,6.1767654342588e-05,1.1141885751639893,False,3,
0.015725469387469465,3.0883827171294e-05,0.2094089494580756,True,3,
0.01575635321464076,6.074017010483735e-05,1.220170839160204,False,3,
0.01575635321464076,3.0370085052418676e-05,0.23934466903424592,True,3,
0.01578672329969318,5.586973844525625e-05,1.125474288753286,False,3,
0.01578672329969318,2.7934869222628124e-05,0.23005449433793035,True,3,
0.015814658168915807,5.241719670411859e-05,1.0740454581489276,False,3,
0.015814658168915807,2.6208598352059297e-05,0.2260651756149112,True,3,
0.015840866767267866,4.9610027937251336e-05,1.0357827165380267,False,3,
0.015840866767267866,2.4805013968625668e-05,0.22294060901541274,True,3,
0.01586567178123649,4.728108060970207e-05,1.0068177501824638,False,3,
0.01586567178123649,2.3640540304851035e-05,0.22054680398401713,True,3,
0.01588931232154134,4.5305353484893165e-05,0.9841337602955257,True,3,
0.015934617675026234,4.1102190473630263e-05,0.903857555934298,True,3,
0.015975719865499866,3.890966399649745e-05,0.8936573094922085,True,3,
0.016014629529496362,3.704371070959209e-05,0.883694043866467,True,3,
0.016051673240205955,3.546549530164512e-05,0.8758407275525052,True,3,
0.0160871387355076,3.4106407028744715e-05,0.8694379746122949,True,3,
0.016121245142536343,3.291995080830181e-05,0.8641129813755901,True,3,
0.016154165093344646,3.187252146495145e-05,0.8596081801145501,True,3,
0.016186037614809596,3.0939170222793844e-05,0.8557413318369531,True,3,
0.01621697678503239,3.0100930222621252e-05,0.8523799985003988,True,3,
0.016247077715255014,2.9343087002903647e-05,0.8494257018983316,True,3,
0.016276420802257916,2.865402344502978e-05,0.8468037373146889,True,3,
0.016305074825702946,2.8024426788220973e-05,0.8444564306040959,True,3,
0.016333099252491167,2.7446730887401336e-05,0.842338558548065,True,3,
0.016360545983378567,2.6914715465460762e-05,0.8404141667127648,True,3,
0.016387460698844027,2.642321265941342e-05,0.8386543129188985,True,3,
0.01641388391150344,2.5967888464465702e-05,0.8370354375759574,True,3,
0.016439851799967906,2.5545077465384493e-05,0.8355381671924146,True,3,
0.01646539687743329,2.515165613543135e-05,0.8341464227084816,True,3,
0.01649054853356872,2.478494448614969e-05,0.8328467458840506,True,3,
0.01651533347805487,2.4442628854699533e-05,0.8316277840893974,True,3,
0.01653977610690957,2.412270065514903e-05,0.830479891690121,True,3,
0.01656389880756472,2.38234073308144e-05,0.8293948184082071,True,3,
0.016587722214895535,2.354321273373412e-05,0.8283654633262357,True,3,
0.01661126542762927,2.3280764861607397e-05,0.8273856788870514,True,3,
0.016634546192490877,2.3034869391838767e-05,0.8264501134570708,True,3,
0.016657581061882715,2.2804467822595567e-05,0.8255540838877108,True,3,
0.01668038552970531,2.2588619304815866e-05,0.8246934715329968,True,3,
0.016702974149010126,2.2386485454824443e-05,0.8238646368511848,True,3,
0.01672536063446495,2.2197317590804185e-05,0.8230643488467843,True,3,
0.016747557952055753,2.20204459533043e-05,0.8222897262803375,True,3,
0.016769578398009057,2.185527056205035e-05,0.8215381885673675,True,3,
0.016791433668571106,2.1701253428261227e-05,0.8208074143607349,True,3,
0.016813134921999366,2.1557911898885132e-05,0.8200953065221953,True,3,
0.01683469283389825,2.142481295014436e-05,0.8193999622862232,True,3,
0.016856117646848395,2.1301568282413973e-05,0.8187196477464543,True,3,
0.01687741921513081,2.118783009483949e-05,0.8180527758493275,True,3,
0.01689860704522565,2.10832874407243e-05,0.8173978873980152,True,3,
0.016919690332666375,2.0987663080815557e-05,0.8167536344566944,True,3,
0.01694067799574719,2.0900710767333373e-05,0.8161187658618418,True,3,
0.016961578706514525,2.0822212901734154e-05,0.8154921144388967,True,3,
0.01698240091941626,2.0751978519600368e-05,0.8148725856191434,True,3,
0.01700315289793586,2.068984156427165e-05,0.8142591473347766,True,3,
0.017023842739500132,2.063565941599469e-05,0.8136508208444391,True,3,
0.017044478398916128,2.0589311650827516e-05,0.813046672436225,True,3,
0.017065067710566956,2.055069900676799e-05,0.8124458057924876,True,3,
0.017085618409573722,2.0519742539518467e-05,0.8118473549279536,True,3,
0.017106138152113242,2.0496382953333803e-05,0.8112504775620365,True,3,
0.017126634535066576,2.048058009585327e-05,0.8106543488179364,True,3,
0.01714711511516243,2.047231260869786e-05,0.8100581551915936,True,3,
0.017167587427771126,2.0471577727736874e-05,0.8094610886626216,True,3,
0.017188059005498864,2.0478391229864832e-05,0.8088623408754677,True,3,
0.01720853739672873,2.0492787525316162e-05,0.8082610973342459,True,3,
0.017229030184254045,2.0514819896533543e-05,0.8076565314774548,True,3,
0.017249545004150577,2.0544560887601462e-05,0.8070477985974223,True,3,
0.01727008956503818,2.0582102850073477e-05,0.8064340294977379,True,3,
0.017290671667888252,2.0627558653850604e-05,0.8058143237822188,True,3,
0.017311299226542103,2.068106257474874e-05,0.8051877426833137,True,3,
0.017331980289116852,2.0742771373395326e-05,0.8043580813015448,True,3,
0.01735272306049025,2.081539110150939e-05,0.8036468148843308,True,3,
0.017373538451591758,2.089750658839676e-05,0.8029912219296154,True,3,
0.017394435958180153,2.098850868656243e-05,0.8023243072417986,True,3,
0.017415424466866714,2.1088666358402554e-05,0.8016445470010152,True,3,
0.017436513133225116,2.1198283891678536e-05,0.8009505536178056,True,3,
0.017457711417116793,2.1317700703513637e-05,0.8002408226930678,True,3,
0.017479029117820306,2.144729467453664e-05,0.7995137145638539,True,3,
0.01750047641249484,2.158748601896155e-05,0.7987674341168327,True,3,
0.017522063898513802,2.173874176577348e-05,0.7980000073911827,True,3,
0.017543802640279577,2.1901580957039836e-05,0.7972092543612304,True,3,
0.017565704221236617,2.2076580691774973e-05,0.7963927570264001,True,3,
0.017587780801928393,2.2264383173408613e-05,0.7955478218489775,True,3,
0.0176100451851018,2.2465703954466797e-05,0.7946714352785764,True,3,
0.017632510889056267,2.2681341617920653e-05,0.7937602107091826,True,3,
0.017655192230674188,2.2912189194088164e-05,0.7928103249716242,True,3,
0.017678104419868276,2.3159247685511183e-05,0.7918174416824716,True,3,
0.01770126366755379,2.34236421711016e-05,0.7907766181888035,True,3,
0.01772468730972489,2.3706641087347186e-05,0.7896821918258351,True,3,
0.01774839395081224,2.4009679451779846e-05,0.7885276397566237,True,3,
0.01777240363026402,2.433438701853285e-05,0.7873054050698123,True,3,
0.017796738017282553,2.4682622654026712e-05,0.7860066789737354,True,3,
0.01782142063993658,2.5056516631963367e-05,0.784621125727022,True,3,
0.017846477156568542,2.545852310691411e-05,0.7831365317177401,True,3,
0.017871935679675457,2.5891485811404803e-05,0.7815383530323697,True,3,
0.017897827165486862,2.635872113060727e-05,0.779809125457518,True,3,
0.01792418588661747,2.686412430087661e-05,0.7779276853159609,True,3,
0.017951050010918346,2.7412306804507616e-05,0.7758681261141521,True,3,
0.017978462317722852,2.8008776493388756e-05,0.7735983801323062,True,3,
0.018006471094216242,2.8660177222113005e-05,0.7710782570386813,True,3,
0.018035131271438354,2.937461292227171e-05,0.7682566802254847,True,3,
0.018064505884360624,3.0162094014552606e-05,0.7650677090994306,True,3,
0.018094667978375178,3.103516528104629e-05,0.7614246750409519,True,3,
0.018125703143656226,3.200981017788604e-05,0.7572112962813323,True,3,
0.018157712953834112,3.3106789389343156e-05,0.7522677835623054,True,3,
0.018190819743223455,3.4353686164166394e-05,0.7463682976577355,True,3,
0.018225173429387623,3.578815100730176e-05,0.7391827512707606,True,3,
0.018260961580394926,3.7463285203296496e-05,0.7302086165447808,True,3,
0.018298424865598222,3.9457075359771956e-05,0.7186411642714736,True,3,
0.018337881940957996,4.1890095996520005e-05,0.7031059871556445,True,3,
0.018379772036954515,4.49617769698052e-05,0.6810475484226863,True,3,
0.01842473381392432,4.903399285845584e-05,0.6471217743223395,True,3,
0.018473767806782775,5.485885795990604e-05,0.5880293047792753,True,3,
0.01852862666474268,6.438575412576379e-05,0.6651253874145016,True,3,
0.018593012418868446,7.105269149675715e-05,0.8033636051821121,True,3,
0.018664065110365204,7.134556256118973e-05,0.7997900880599279,True,3,
0.018735410672926393,7.179950785263827e-05,0.795310120079797,True,3,
0.018807210180779032,7.24595649954279e-05,0.889853365108086,True,3,
0.01887966974577446,6.913198202190596e-05,1.0490617089947551,False,3,
0.01887966974577446,3.456599101095298e-05,0.19755743453334867,True,3,
0.018914235736785415,6.913198202190596e-05,1.1674664006899031,False,3,
0.018914235736785415,3.456599101095298e-05,0.2296512482010799,True,3,
0.01894880172779637,6.49168019972547e-05,1.1044009007046176,False,3,
0.01894880172779637,3.245840099862735e-05,0.22621280813716071,True,3,
0.018981260128794995,6.142017298667803e-05,1.051690010742074,False,3,
0.018981260128794995,3.0710086493339017e-05,0.22198419319481347,True,3,
0.019011970215288335,5.8662764266979776e-05,1.0143335082647438,False,3,
0.019011970215288335,2.9331382133489888e-05,0.2190235784238243,True,3,
0.019041301597421824,5.640655838840605e-05,0.9861195657447448,True,3,
0.01909770815581023,5.112193971609269e-05,0.878748369028246,True,3,
0.019148830095526325,4.908147066266583e-05,0.8711309491600755,True,3,
0.01919791156618899,4.7328022092285634e-05,0.8611966796059334,True,3,
0.019245239588281275,4.589968352593438e-05,0.8536684856852959,True,3,
0.01929113927180721,4.471029918201863e-05,0.8476307186234928,True,3,
0.01933584957098923,4.370657165241265e-05,0.8426851821789401,True,3,
0.019379556142641644,4.2850566960975555e-05,0.8385558659886345,True,3,
0.01942240670960262,4.211463889669931e-05,0.8350510495699006,True,3,
0.019464521348499318,4.147812132566131e-05,0.8320334186553202,True,3,
0.01950599946982498,4.092523689462679e-05,0.8294021342948485,True,3,
0.019546924706719607,4.044372392197242e-05,0.8270814999249733,True,3,
0.01958736843064158,4.002390815096231e-05,0.8250135773260077,True,3,
0.01962739233879254,3.965805901942881e-05,0.8231532409792295,True,3,
0.01966705039781197,3.933993318382994e-05,0.8214647836382754,True,3,
0.0197063903309958,3.9064444453510126e-05,0.8199195350614438,True,3,
0.01974545477544931,3.8827421021218505e-05,0.8184941581050132,True,3,
0.01978428219647053,3.862542423026991e-05,0.8171694072827936,True,3,
0.0198229076207008,3.8455611542400185e-05,0.8159292089814693,True,3,
0.0198613632322432,3.831563181375535e-05,0.8147599691592359,True,3,
0.019899678864056955,3.820354457989665e-05,0.8136500442694675,True,3,
0.01993788240863685,3.811775747197323e-05,0.8125893307505351,True,3,
0.019976000166108825,3.8056977548908726e-05,0.8115689415750668,True,3,
0.020014057143657733,3.802017349141409e-05,0.8105809470969431,True,3,
0.02005207731714915,3.80065464326337e-05,0.8096181637003487,True,3,
0.020090083863581784,3.801550779801391e-05,0.808673977710992,True,3,
0.0201280993713798,3.8046662975679924e-05,0.8077421952632925,True,3,
0.02016614603435548,3.8099799973946667e-05,0.806816910567809,True,3,
0.020204245834329428,3.817488249237355e-05,0.8058923866809552,True,3,
0.0202424207168218,3.827204704858034e-05,0.8049629434942626,True,3,
0.02028069276387038,3.8391603996608376e-05,0.8040228485286467,True,3,
0.020319084367866988,3.8534042444015425e-05,0.8030662059520504,True,3,
0.020357618410311005,3.8700039254246865e-05,0.8020868394179955,True,3,
0.020396318449565253,3.889047250594785e-05,0.8010781637544567,True,3,
0.0204352089220712,3.910643999650671e-05,0.8000330397497839,True,3,
0.020474315362067706,3.9349283637428484e-05,0.7988122246538704,True,3,
0.020513664645705133,3.962387897867857e-05,0.7975379266316635,True,3,
0.02055328852468381,3.9932254055414276e-05,0.7963260858687372,True,3,
0.020593220778739225,4.027363814963719e-05,0.7950394177363473,True,3,
0.020633494416888862,4.065079491038205e-05,0.7936634715395898,True,3,
0.020674145211799246,4.1067035700782606e-05,0.7921823570357746,True,3,
0.020715212247500028,4.15263043165102e-05,0.7905771269832119,True,3,
0.020756738551816537,4.2033317583969575e-05,0.7888248964005545,True,3,
0.020798771869400507,4.259374965795146e-05,0.7868976687190781,True,3,
0.020841365619058458,4.321447628204324e-05,0.7847607293739262,True,3,
0.020884580095340503,4.390390323483593e-05,0.78237040618161,True,3,
0.020928483998575338,4.4672415361278726e-05,0.7796708829158899,True,3,
0.020973156413936617,4.553300220038963e-05,0.7765895617175487,True,3,
0.021018689416137007,4.650214878024729e-05,0.7730301382919553,True,3,
0.021065191564917256,4.760113604316998e-05,0.7688619552053202,True,3,
0.021112792700960427,4.88579950591648e-05,0.7639030704252862,True,3,
0.021161650696019593,5.031054510895188e-05,0.7578922459963263,True,3,
0.021211961241128546,5.201131095795741e-05,0.7504403797775934,True,3,
0.021263972552086504,5.4035878011248864e-05,0.7409413818587246,True,3,
0.021318008430097752,5.64979638647167e-05,0.7283967771924017,True,3,
0.021374506393962468,5.9578737786517485e-05,0.7110384905991085,True,3,
0.021434085131748985,6.358976969817547e-05,0.685417271815639,True,3,
0.02149767490144716,6.912772103665752e-05,0.6438148127272759,True,3,
0.021566802622483817,7.753794143516668e-05,0.5649026136811223,True,3,
0.021644340563918982,9.284745073969312e-05,0.7680667330006451,True,3,
0.021737188014658675,9.534831354742616e-05,0.7973382735309789,True,3,
0.0218325363282061,9.610239692106626e-05,0.7904069449271331,True,3,
0.021928638725127167,9.728622580116527e-05,0.9343617079750947,True,3,
0.02202592495092833,9.058084105767724e-05,1.140214982225043,False,3,
0.02202592495092833,4.529042052883862e-05,0.20172684543679498,True,3,
0.02207121537145717,9.058084105767724e-05,1.3157061556612575,False,3,
0.02207121537145717,4.529042052883862e-05,0.24728368148531663,True,3,
0.022116505791986006,8.196928252980534e-05,1.1717799099262007,False,3,
0.022116505791986006,4.098464126490267e-05,0.23301438047671305,True,3,
0.02215749043325091,7.641388586662288e-05,1.1032488686122668,False,3,
0.02215749043325091,3.820694293331144e-05,0.22789059717506996,True,3,
0.02219569737618422,7.203135689867167e-05,1.0537276468633041,False,3,
0.02219569737618422,3.6015678449335835e-05,0.22387501983239935,True,3,
0.022231713054633555,6.850642287553926e-05,1.0175896864464098,False,3,
0.022231713054633555,3.425321143776963e-05,0.22090846340778678,True,3,
0.022265966266071323,6.558999947206385e-05,0.9900293689695788,True,3,
0.02233155626554339,5.932750680774723e-05,0.8957793915965793,True,3,
0.022390883772351135,5.641545223651887e-05,0.8850977572998753,True,3,
0.022447299224587654,5.396907358269081e-05,0.874111456447914,True,3,
0.022501268298170344,5.195221474461144e-05,0.8655362527877034,True,3,
0.022553220512914956,5.025785446937302e-05,0.8585616940517785,True,3,
0.022603478367384328,4.881583247588811e-05,0.8527593837202191,True,3,
0.022652294199860215,4.757622241820404e-05,0.8478365614499228,True,3,
0.022699870422278418,4.6502510003042507e-05,0.8435886039216612,True,3,
0.02274637293228146,4.556732687064876e-05,0.8398682237930303,True,3,
0.02279194025915211,4.474973692764407e-05,0.8365666982962314,True,3,
0.022836689996079754,4.403344961932803e-05,0.8336019664658268,True,3,
0.02288072344569908,4.340560900718788e-05,0.8309108444796689,True,3,
0.02292412905470627,4.2855952291497444e-05,0.8284437921599638,True,3,
0.022966985006997766,4.237621226644172e-05,0.8261613069712153,True,3,
0.023009361219264206,4.195968500669219e-05,0.8240313833988238,True,3,
0.023051320904270898,4.160091209661917e-05,0.8220276858852303,True,3,
0.023092921816367518,4.1295443972762664e-05,0.8201282093465206,True,3,
0.02313421726034028,4.1039661871766214e-05,0.8183142786566203,True,3,
0.023175256922212045,4.0830642957613386e-05,0.81656978719379,True,3,
0.023216087565169657,4.066605789967757e-05,0.8148806059347855,True,3,
0.023256753623069334,4.054409335695178e-05,0.8132341148740065,True,3,
0.023297297716426284,4.046339403653873e-05,0.8116188223464564,True,3,
0.02333776111046282,4.0423020563347306e-05,0.8100240467115714,True,3,
0.02337818413102617,4.042242055157328e-05,0.8084396410682655,True,3,
0.023418606551577743,4.046141114329616e-05,0.8068557455629398,True,3,
0.02345906796272104,4.054017198162137e-05,0.8052625543213214,True,3,
0.02349960813470266,4.065924818642033e-05,0.8036500852520219,True,3,
0.02354026738288908,4.0819563460287695e-05,0.8020079413385196,True,3,
0.023581086946349368,4.102244401918398e-05,0.8003250511193982,True,3,
0.023622109390368552,4.12696546778604e-05,0.7985025227858515,True,3,
0.023663379045046413,4.1565709506583266e-05,0.7965258429318419,True,3,
0.023704944754552995,4.191580122001059e-05,0.7946364804536956,True,3,
0.023746860555773006,4.231906190923676e-05,0.7926483770066851,True,3,
0.023789179617682243,4.277975117130746e-05,0.7905396767222733,True,3,
0.02383195936885355,4.330309399636677e-05,0.7882859923170087,True,3,
0.02387526246284992,4.3895452716902485e-05,0.7858578883459955,True,3,
0.02391915791556682,4.456460212467766e-05,0.7832192603935192,True,3,
0.023963722517691497,4.5320100421098764e-05,0.7803251067377142,True,3,
0.024009042618112597,4.6173796305045706e-05,0.7771183763628868,True,3,
0.024055216414417643,4.71405345382873e-05,0.7735254059810547,True,3,
0.02410235694895593,4.823915825590282e-05,0.769449142432489,True,3,
0.024150596107211833,4.9493967690763894e-05,0.7647587785183282,True,3,
0.0242000900749026,5.0936903993770053e-05,0.7592733655203278,True,3,
0.02425102697889637,5.2610929065215954e-05,0.7527348724906634,True,3,
0.024303637907961584,5.4575467221113725e-05,0.7447618045316439,True,3,
0.024358213375182697,5.6915594175257085e-05,0.734764783776673,True,3,
0.024415128969357956,5.975849027024923e-05,0.7217820063026493,True,3,
0.024474887459628204,6.330515855796064e-05,0.7041295132235627,True,3,
0.024538192618186166,6.789774273341397e-05,0.6785686043486087,True,3,
0.02460609036091958,7.41824145109639e-05,0.6379895190988434,True,3,
0.024680272775430542,8.358660809309666e-05,0.5632975776107942,True,3,
0.02476385938352364,0.00010023289398381539,0.5712143443879788,True,3,
0.024864092277507455,0.00011935846548308368,0.7923041604367856,True,3,
0.024983450742990538,0.00012068401994010527,0.7828953258795653,True,3,
0.025104134762930642,0.00012275534953936634,1.2649347223845953,False,3,
0.025104134762930642,6.137767476968317e-05,0.2032057239810733,True,3,
0.025165512437700325,0.0001225420023465118,1.505537787142552,False,3,
0.025165512437700325,6.12710011732559e-05,0.25224447058057076,True,3,
0.025226783438873582,0.00010979603545845833,1.3214281885210306,False,3,
0.025226783438873582,5.4898017729229165e-05,0.24395663796453076,True,3,
0.02528168145660281,0.00010003289847565625,1.1855460456473264,False,3,
0.02528168145660281,5.001644923782813e-05,0.2332274681783293,True,3,
0.02533169790584064,9.321064595084378e-05,1.1051716266480045,False,3,
0.02533169790584064,4.660532297542189e-05,0.22702307290235862,True,3,
0.02537830322881606,8.803249941670336e-05,1.0504042895748424,False,3,
0.02537830322881606,4.401624970835168e-05,0.22264269999055455,True,3,
0.025422319478524413,8.395591830174967e-05,1.0110851667050618,False,3,
0.025422319478524413,4.1977959150874835e-05,0.21945001689359978,True,3,
0.02546429743767529,8.064844920566886e-05,0.9815229739350677,True,3,
0.025544945886880957,7.326360682288463e-05,0.8789953939779096,True,3,
0.02561820949370384,7.03294960193659e-05,0.8693373730843563,True,3,
0.025688538989723207,6.788687843611246e-05,0.8585104194564529,True,3,
0.025756425868159318,6.594100527456548e-05,0.8501285625394841,True,3,
0.025822366873433884,6.436588859677748e-05,0.843308431300194,True,3,
0.02588673276203066,6.308194239474496e-05,0.837616401964382,True,3,
0.025949814704425405,6.203331362560054e-05,0.8327556019742604,True,3,
0.026011848018051006,6.117989234348787e-05,0.828518667678558,True,3,
0.026073027910394495,6.049229603293729e-05,0.8247557247489444,True,3,
0.02613352020642743,5.9948719202970605e-05,0.821355032393885,True,3,
0.026193468925630403,5.9532888823994736e-05,0.8182307324166663,True,3,
0.026253001814454398,5.92327059150375e-05,0.8153148099830031,True,3,
0.026312234520369435,5.903932950847371e-05,0.8125516243332743,True,3,
0.026371273849877908,5.894655716119442e-05,0.8098940411610156,True,3,
0.0264302204070391,5.895041303873274e-05,0.8073005711499197,True,3,
0.026489170820077835,5.9048889150145616e-05,0.8047331305449047,True,3,
0.02654821970922798,5.924180750375599e-05,0.8021551591576634,True,3,
0.026607461516731736,5.953078639203008e-05,0.7995298959062036,True,3,
0.026666992303123766,5.991930608849625e-05,0.7968186390284789,True,3,
0.026726911609212263,6.0412880358023694e-05,0.7939788153528979,True,3,
0.02678732448957029,6.10193524423342e-05,0.7908111752724754,True,3,
0.026848343842012623,6.175522451411511e-05,0.7874447871558973,True,3,
0.02691009906652674,6.263342460144947e-05,0.7838739655760953,True,3,
0.02697273249112819,6.366863621077825e-05,0.7799035073777996,True,3,
0.027036401127338967,6.488549468651132e-05,0.7754123888692279,True,3,
0.02710128662202548,6.631683050807685e-05,0.7702389413550204,True,3,
0.027167603452533554,6.800698718020606e-05,0.7641573754533416,True,3,
0.02723561043971376,7.0017184025226e-05,0.7568405249713827,True,3,
0.027305627623738987,7.243441558136818e-05,0.7477937216599959,True,3,
0.027378062039320354,7.538701763137518e-05,0.7362296950480298,True,3,
0.02745344905695173,7.907376304133612e-05,0.720812548103184,True,3,
0.027532522819993067,8.382310560458034e-05,0.6990780925834206,True,3,
0.027616345925597648,9.022843202388074e-05,0.6659308617081854,True,3,
0.027706574357621527,9.951105914655766e-05,0.6089152279016196,True,3,
0.027806085416768087,0.00011477186545735262,0.4880331757363215,True,3,
0.027920857282225438,0.00014786087678822306,0.7060750434146481,True,3,
0.02806871815901366,0.0001583690661706585,0.7733057866185631,True,3,
0.028227087225184317,0.000162082913740315,1.4100334135894554,False,3,
0.028227087225184317,8.10414568701575e-05,0.20352797637161976,True,3,
0.028308128682054474,0.00016167307247727313,1.7356192640129664,False,3,
0.028308128682054474,8.083653623863657e-05,0.27410094236868465,True,3,
0.02838896521829311,0.0001389616433118611,1.4022766437950216,False,3,
0.02838896521829311,6.948082165593056e-05,0.25094845133338717,True,3,
0.028458446039949042,0.0001248289148364084,1.2356320507605376,False,3,
0.028458446039949042,6.24144574182042e-05,0.2386597626928661,True,3,
0.028520860497367247,0.00011498418376911017,1.1356543244918922,False,3,
0.028520860497367247,5.7492091884555084e-05,0.23077822280707097,True,3,
0.0285783525892518,0.00010770930117003423,1.0702495253475188,False,3,
0.0285783525892518,5.3854650585017116e-05,0.22545922198798607,True,3,
0.028632207239836817,0.0001020778983508072,1.0243141408290928,False,3,
0.028632207239836817,5.10389491754036e-05,0.22164358850132443,True,3,
0.02868324618901222,9.75700768861633e-05,0.9903417574305815,True,3,
0.028780816265898384,8.824022584846346e-05,0.8876778048454819,True,3,
0.02886905649174685,8.429104535922416e-05,0.8748672238046493,True,3,
0.028953347537106072,8.11059799887215e-05,0.8621399485302865,True,3,
0.029034453517094792,7.861519590242195e-05,0.8521214038083473,True,3,
0.029113068712997216,7.664754928195716e-05,0.8438570950259661,True,3,
0.02918971626227917,7.509418870496826e-05,0.8368300853861728,True,3,
0.02926481045098414,7.388056302219331e-05,0.8306896314487588,True,3,
0.029338691014006334,7.295470589371232e-05,0.8251887200017052,True,3,
0.029411645719900046,7.228017228917088e-05,0.8201454341362122,True,3,
0.029483925892189216,7.183171786988503e-05,0.8154194374658396,True,3,
0.029555757610059102,7.159261608752023e-05,0.81089682104736,True,3,
0.029627350226146622,7.155301577994535e-05,0.8064796893498829,True,3,
0.029698903241926568,7.17090113799069e-05,0.8020783745704513,True,3,
0.029770612253306475,7.206225381638653e-05,0.7976049248528951,True,3,
0.02984267450712286,7.262003217138679e-05,0.7929668509092834,True,3,
0.029915294539294247,7.33958374494792e-05,0.7880274974720561,True,3,
0.029988690376743725,1.1309623256273993e-05,0.019108299759329456,True,3,
